{"stats":{"minecraft:mined":{"minecraft:deepslate_redstone_ore":6,"minecraft:large_amethyst_bud":1,"minecraft:white_bed":2,"minecraft:dark_oak_leaves":9,"minecraft:deepslate_diamond_ore":1,"minecraft:amethyst_cluster":1,"minecraft:dark_oak_log":50,"minecraft:clay":44,"minecraft:crafting_table":6,"minecraft:cave_vines_plant":1,"minecraft:granite":5,"minecraft:budding_amethyst":1,"minecraft:chest":1,"minecraft:tall_grass":1,"minecraft:cobblestone":2,"minecraft:sugar_cane":24,"minecraft:diorite":101,"minecraft:amethyst_block":2,"minecraft:spore_blossom":2,"minecraft:furnace":2,"minecraft:iron_ore":18,"minecraft:grass":2,"minecraft:coal_ore":93,"minecraft:deepslate_iron_ore":5,"minecraft:gravel":69,"minecraft:dirt":3,"minecraft:stone":163,"minecraft:deepslate":90},"minecraft:crafted":{"minecraft:stone_shovel":1,"minecraft:dark_oak_boat":1,"minecraft:crafting_table":2,"minecraft:wooden_pickaxe":1,"minecraft:furnace":2,"minecraft:stone_axe":1,"minecraft:cooked_mutton":18,"minecraft:air":0,"minecraft:dark_oak_slab":12,"minecraft:stick":32,"minecraft:stone_pickaxe":4,"minecraft:stone_sword":1,"minecraft:chest":1,"minecraft:white_bed":2,"minecraft:dark_oak_planks":52,"minecraft:torch":68,"minecraft:clay":60},"minecraft:killed":{"minecraft:witch":2,"minecraft:spider":2,"minecraft:bat":1,"minecraft:sheep":9,"minecraft:skeleton":5,"minecraft:zombie":1,"minecraft:cow":2},"minecraft:broken":{"minecraft:stone_pickaxe":3,"minecraft:wooden_pickaxe":1},"minecraft:dropped":{"minecraft:gravel":1,"minecraft:wheat_seeds":1,"minecraft:cobbled_deepslate":27,"minecraft:dark_oak_sapling":1,"minecraft:dark_oak_slab":12,"minecraft:cobblestone":10,"minecraft:clay_ball":240,"minecraft:leather":1,"minecraft:granite":7,"minecraft:cooked_mutton":3,"minecraft:white_bed":1,"minecraft:dark_oak_log":6,"minecraft:spider_eye":1,"minecraft:beef":1,"minecraft:dark_oak_boat":1,"minecraft:white_wool":2},"minecraft:picked_up":{"minecraft:iron_chestplate":1,"minecraft:crafting_table":8,"minecraft:clay_ball":480,"minecraft:leather":1,"minecraft:dark_oak_boat":3,"minecraft:flint":4,"minecraft:shield":1,"minecraft:amethyst_block":2,"minecraft:dirt":5,"minecraft:raw_copper":3,"minecraft:bone":3,"minecraft:wheat_seeds":1,"minecraft:cobbled_deepslate":99,"minecraft:bucket":1,"minecraft:spore_blossom":2,"minecraft:beef":5,"minecraft:iron_pickaxe":1,"minecraft:glowstone_dust":4,"minecraft:sugar_cane":61,"minecraft:chest":1,"minecraft:furnace":2,"minecraft:dark_oak_sapling":3,"minecraft:raw_iron":23,"minecraft:torch":3,"minecraft:gravel":65,"minecraft:amethyst_shard":4,"minecraft:diorite":106,"minecraft:white_bed":1,"minecraft:redstone":26,"minecraft:dark_oak_log":50,"minecraft:spider_eye":1,"minecraft:diamond":1,"minecraft:tropical_fish":3,"minecraft:iron_helmet":1,"minecraft:granite":7,"minecraft:bread":1,"minecraft:glow_berries":9,"minecraft:mutton":14,"minecraft:coal":101,"minecraft:white_wool":8,"minecraft:cobblestone":186},"minecraft:custom":{"minecraft:interact_with_furnace":18,"minecraft:mob_kills":22,"minecraft:interact_with_crafting_table":24,"minecraft:time_since_death":62794,"minecraft:sleep_in_bed":1,"minecraft:climb_one_cm":1952,"minecraft:time_since_rest":7625,"minecraft:sprint_one_cm":85934,"minecraft:damage_taken":1748,"minecraft:walk_one_cm":170210,"minecraft:damage_blocked_by_shield":55,"minecraft:drop":41,"minecraft:damage_dealt":2971,"minecraft:swim_one_cm":31974,"minecraft:fly_one_cm":61301,"minecraft:open_chest":6,"minecraft:crouch_one_cm":40310,"minecraft:play_time":78000,"minecraft:deaths":1,"minecraft:sneak_time":19266,"minecraft:walk_under_water_one_cm":10974,"minecraft:boat_one_cm":22230,"minecraft:jump":914,"minecraft:walk_on_water_one_cm":34894,"minecraft:total_world_time":78000,"minecraft:fall_one_cm":13951},"minecraft:used":{"minecraft:cooked_mutton":5,"minecraft:stone_sword":50,"minecraft:amethyst_block":2,"minecraft:tropical_fish":3,"minecraft:stone_shovel":64,"minecraft:stone_pickaxe":405,"minecraft:shield":2,"minecraft:chest":2,"minecraft:wooden_pickaxe":59,"minecraft:iron_chestplate":1,"minecraft:torch":42,"minecraft:glow_berries":9,"minecraft:crafting_table":9,"minecraft:white_bed":1,"minecraft:bread":1,"minecraft:iron_pickaxe":41,"minecraft:iron_helmet":1,"minecraft:stone_axe":24,"minecraft:cobblestone":13,"minecraft:dark_oak_boat":2,"minecraft:furnace":3,"minecraft:bucket":1}},"DataVersion":3465}