{"stats":{"minecraft:mined":{"minecraft:dark_oak_planks":26,"minecraft:large_amethyst_bud":1,"minecraft:spruce_planks":18,"minecraft:white_bed":12,"minecraft:dark_oak_leaves":9,"minecraft:deepslate_diamond_ore":1,"minecraft:dark_oak_log":50,"minecraft:brewing_stand":2,"minecraft:granite":7,"minecraft:cave_vines_plant":1,"minecraft:budding_amethyst":1,"minecraft:grass_block":936,"minecraft:polished_diorite":11,"minecraft:composter":1,"minecraft:hay_block":23,"minecraft:spore_blossom":2,"minecraft:furnace":2,"minecraft:iron_ore":27,"minecraft:cobbled_deepslate":9,"minecraft:potatoes":30,"minecraft:cobblestone_slab":1,"minecraft:deepslate_iron_ore":5,"minecraft:dirt_path":12,"minecraft:stone":167,"minecraft:white_wool":3,"minecraft:smithing_table":1,"minecraft:podzol":6,"minecraft:deepslate_redstone_ore":6,"minecraft:amethyst_cluster":1,"minecraft:oak_fence":1,"minecraft:clay":44,"minecraft:crafting_table":10,"minecraft:torch":5,"minecraft:blast_furnace":1,"minecraft:chest":3,"minecraft:glass":1,"minecraft:tall_grass":15,"minecraft:cobblestone":86,"minecraft:sugar_cane":24,"minecraft:bricks":1,"minecraft:diorite":595,"minecraft:amethyst_block":2,"minecraft:yellow_bed":6,"minecraft:grass":52,"minecraft:coal_ore":93,"minecraft:gravel":69,"minecraft:dirt":366,"minecraft:acacia_planks":1,"minecraft:stonecutter":1,"minecraft:deepslate":90},"minecraft:crafted":{"minecraft:cobblestone_slab":6,"minecraft:stone_shovel":2,"minecraft:dark_oak_boat":1,"minecraft:furnace":2,"minecraft:dark_oak_trapdoor":4,"minecraft:bone_meal":21,"minecraft:cooked_mutton":18,"minecraft:glass":189,"minecraft:polished_diorite":492,"minecraft:stone_pickaxe":4,"minecraft:chest":6,"minecraft:dark_oak_planks":124,"minecraft:stone_hoe":1,"minecraft:wheat":126,"minecraft:crafting_table":2,"minecraft:spruce_planks":408,"minecraft:wooden_pickaxe":1,"minecraft:stone_axe":1,"minecraft:bread":42,"minecraft:air":0,"minecraft:dark_oak_slab":12,"minecraft:diamond_pickaxe":1,"minecraft:stick":72,"minecraft:iron_ingot":2,"minecraft:stone_sword":1,"minecraft:iron_shovel":6,"minecraft:white_bed":2,"minecraft:torch":148,"minecraft:shears":1,"minecraft:clay":60},"minecraft:broken":{"minecraft:iron_shovel":4,"minecraft:wooden_pickaxe":1,"minecraft:stone_pickaxe":3,"minecraft:iron_pickaxe":1,"minecraft:stone_shovel":2},"minecraft:killed":{"minecraft:witch":2,"minecraft:spider":2,"minecraft:skeleton":5,"minecraft:bat":1,"minecraft:sheep":9,"minecraft:donkey":1,"minecraft:zombie":9,"minecraft:cow":2},"minecraft:dropped":{"minecraft:water_bucket":1,"minecraft:wheat_seeds":11,"minecraft:dark_oak_sapling":1,"minecraft:dark_oak_slab":12,"minecraft:cobblestone":11,"minecraft:leather":1,"minecraft:granite":7,"minecraft:dark_oak_log":19,"minecraft:torch":1,"minecraft:iron_shovel":2,"minecraft:white_wool":2,"minecraft:dark_oak_boat":3,"minecraft:bucket":2,"minecraft:gravel":1,"minecraft:bricks":1,"minecraft:stone_axe":2,"minecraft:stone_sword":5,"minecraft:cobbled_deepslate":27,"minecraft:clay_ball":240,"minecraft:cooked_mutton":4,"minecraft:white_bed":1,"minecraft:shears":1,"minecraft:potato":38,"minecraft:yellow_bed":3,"minecraft:spider_eye":1,"minecraft:beef":1},"minecraft:picked_up":{"minecraft:crafting_table":12,"minecraft:iron_chestplate":1,"minecraft:clay_ball":480,"minecraft:smithing_table":1,"minecraft:brewing_stand":2,"minecraft:shield":1,"minecraft:amethyst_block":2,"minecraft:raw_copper":6,"minecraft:iron_shovel":1,"minecraft:cobbled_deepslate":108,"minecraft:bucket":3,"minecraft:spruce_planks":18,"minecraft:beef":20,"minecraft:cobblestone_slab":1,"minecraft:iron_pickaxe":1,"minecraft:sugar_cane":122,"minecraft:chest":3,"minecraft:furnace":3,"minecraft:dark_oak_sapling":5,"minecraft:raw_iron":40,"minecraft:composter":1,"minecraft:oak_fence":1,"minecraft:torch":36,"minecraft:diorite":706,"minecraft:redstone":52,"minecraft:dark_oak_planks":27,"minecraft:arrow":3,"minecraft:rotten_flesh":9,"minecraft:stone_sword":5,"minecraft:tropical_fish":3,"minecraft:hay_block":23,"minecraft:glow_berries":9,"minecraft:mutton":14,"minecraft:cobblestone":343,"minecraft:white_wool":23,"minecraft:water_bucket":1,"minecraft:leather":3,"minecraft:dark_oak_boat":4,"minecraft:potato":100,"minecraft:flint":8,"minecraft:yellow_bed":6,"minecraft:dirt":1292,"minecraft:bone":9,"minecraft:acacia_planks":1,"minecraft:stonecutter":2,"minecraft:wheat_seeds":19,"minecraft:spore_blossom":4,"minecraft:glowstone_dust":8,"minecraft:poisonous_potato":1,"minecraft:gravel":129,"minecraft:amethyst_shard":8,"minecraft:blast_furnace":1,"minecraft:white_bed":11,"minecraft:dark_oak_log":77,"minecraft:spider_eye":1,"minecraft:clay":60,"minecraft:diamond":2,"minecraft:polished_diorite":11,"minecraft:stone_axe":2,"minecraft:iron_helmet":1,"minecraft:granite":9,"minecraft:bread":6,"minecraft:bricks":1,"minecraft:coal":171},"minecraft:custom":{"minecraft:mob_kills":31,"minecraft:interact_with_crafting_table":50,"minecraft:leave_game":1,"minecraft:time_since_death":233947,"minecraft:climb_one_cm":1952,"minecraft:sprint_one_cm":389265,"minecraft:walk_one_cm":784278,"minecraft:damage_blocked_by_shield":55,"minecraft:drop":118,"minecraft:talked_to_villager":4,"minecraft:play_time":249153,"minecraft:deaths":1,"minecraft:sneak_time":37295,"minecraft:walk_under_water_one_cm":35508,"minecraft:boat_one_cm":22230,"minecraft:jump":3817,"minecraft:walk_on_water_one_cm":58099,"minecraft:total_world_time":249153,"minecraft:interact_with_furnace":70,"minecraft:sleep_in_bed":12,"minecraft:time_since_rest":3565,"minecraft:damage_taken":3188,"minecraft:damage_dealt":4796,"minecraft:swim_one_cm":35628,"minecraft:fly_one_cm":573176,"minecraft:open_chest":91,"minecraft:crouch_one_cm":106242,"minecraft:fall_one_cm":109565},"minecraft:used":{"minecraft:stone_sword":109,"minecraft:iron_shovel":1085,"minecraft:tropical_fish":3,"minecraft:stone_shovel":267,"minecraft:spruce_planks":209,"minecraft:chest":9,"minecraft:shield":2,"minecraft:rotten_flesh":8,"minecraft:stone_hoe":119,"minecraft:iron_chestplate":1,"minecraft:torch":100,"minecraft:dirt":115,"minecraft:polished_diorite":349,"minecraft:glass":146,"minecraft:dark_oak_planks":26,"minecraft:iron_helmet":1,"minecraft:dark_oak_boat":2,"minecraft:furnace":4,"minecraft:potato":105,"minecraft:cobbled_deepslate":66,"minecraft:cooked_mutton":14,"minecraft:water_bucket":43,"minecraft:amethyst_block":2,"minecraft:stone_pickaxe":405,"minecraft:wooden_pickaxe":59,"minecraft:composter":1,"minecraft:cobblestone_slab":2,"minecraft:white_wool":3,"minecraft:dark_oak_trapdoor":3,"minecraft:glow_berries":9,"minecraft:crafting_table":14,"minecraft:white_bed":12,"minecraft:shears":3,"minecraft:diamond_pickaxe":413,"minecraft:apple":1,"minecraft:bread":26,"minecraft:iron_pickaxe":255,"minecraft:stone_axe":66,"minecraft:cobblestone":138,"minecraft:bucket":44,"minecraft:yellow_bed":3,"minecraft:bone_meal":21}},"DataVersion":3465}