{"stats":{"minecraft:mined":{"minecraft:deepslate_redstone_ore":6,"minecraft:large_amethyst_bud":1,"minecraft:dark_oak_leaves":9,"minecraft:deepslate_diamond_ore":1,"minecraft:amethyst_cluster":1,"minecraft:dark_oak_log":50,"minecraft:clay":44,"minecraft:crafting_table":3,"minecraft:cave_vines_plant":1,"minecraft:granite":5,"minecraft:budding_amethyst":1,"minecraft:chest":1,"minecraft:tall_grass":1,"minecraft:cobblestone":2,"minecraft:diorite":101,"minecraft:amethyst_block":2,"minecraft:spore_blossom":1,"minecraft:furnace":1,"minecraft:iron_ore":10,"minecraft:coal_ore":73,"minecraft:deepslate_iron_ore":4,"minecraft:gravel":3,"minecraft:dirt":3,"minecraft:stone":162,"minecraft:deepslate":81},"minecraft:crafted":{"minecraft:crafting_table":2,"minecraft:wooden_pickaxe":1,"minecraft:furnace":1,"minecraft:stone_axe":1,"minecraft:cooked_mutton":5,"minecraft:air":0,"minecraft:stick":32,"minecraft:stone_pickaxe":3,"minecraft:stone_sword":1,"minecraft:chest":1,"minecraft:dark_oak_planks":36,"minecraft:torch":68},"minecraft:killed":{"minecraft:witch":2,"minecraft:spider":2,"minecraft:bat":1,"minecraft:sheep":3,"minecraft:skeleton":3,"minecraft:zombie":1},"minecraft:broken":{"minecraft:stone_pickaxe":3,"minecraft:wooden_pickaxe":1},"minecraft:dropped":{"minecraft:dark_oak_sapling":1,"minecraft:cobblestone":10,"minecraft:cooked_mutton":3,"minecraft:dark_oak_log":6},"minecraft:picked_up":{"minecraft:crafting_table":5,"minecraft:clay_ball":240,"minecraft:shield":1,"minecraft:amethyst_block":2,"minecraft:dirt":5,"minecraft:raw_copper":3,"minecraft:bone":3,"minecraft:wheat_seeds":1,"minecraft:cobbled_deepslate":89,"minecraft:bucket":1,"minecraft:spore_blossom":1,"minecraft:iron_pickaxe":1,"minecraft:glowstone_dust":4,"minecraft:chest":1,"minecraft:furnace":1,"minecraft:dark_oak_sapling":3,"minecraft:raw_iron":14,"minecraft:torch":3,"minecraft:gravel":2,"minecraft:amethyst_shard":4,"minecraft:diorite":106,"minecraft:redstone":26,"minecraft:dark_oak_log":50,"minecraft:spider_eye":1,"minecraft:diamond":1,"minecraft:tropical_fish":2,"minecraft:granite":7,"minecraft:glow_berries":8,"minecraft:mutton":4,"minecraft:coal":75,"minecraft:white_wool":3,"minecraft:cobblestone":185},"minecraft:custom":{"minecraft:interact_with_furnace":5,"minecraft:mob_kills":12,"minecraft:interact_with_crafting_table":14,"minecraft:time_since_death":38794,"minecraft:climb_one_cm":330,"minecraft:time_since_rest":38859,"minecraft:sprint_one_cm":32055,"minecraft:damage_taken":1720,"minecraft:walk_one_cm":102185,"minecraft:drop":20,"minecraft:damage_dealt":2045,"minecraft:swim_one_cm":28135,"minecraft:fly_one_cm":12761,"minecraft:open_chest":6,"minecraft:crouch_one_cm":36270,"minecraft:play_time":54000,"minecraft:deaths":1,"minecraft:sneak_time":17922,"minecraft:walk_under_water_one_cm":6496,"minecraft:jump":477,"minecraft:walk_on_water_one_cm":20828,"minecraft:total_world_time":54000,"minecraft:fall_one_cm":7671},"minecraft:used":{"minecraft:cooked_mutton":2,"minecraft:stone_sword":44,"minecraft:amethyst_block":2,"minecraft:tropical_fish":2,"minecraft:stone_pickaxe":395,"minecraft:chest":2,"minecraft:wooden_pickaxe":59,"minecraft:torch":32,"minecraft:glow_berries":8,"minecraft:crafting_table":6,"minecraft:iron_pickaxe":11,"minecraft:stone_axe":9,"minecraft:cobblestone":13,"minecraft:furnace":2}},"DataVersion":3465}