{"stats":{"minecraft:mined":{"minecraft:dark_oak_log":25,"minecraft:dark_oak_leaves":8},"minecraft:dropped":{"minecraft:dark_oak_sapling":1},"minecraft:picked_up":{"minecraft:dark_oak_sapling":3,"minecraft:dark_oak_log":24},"minecraft:custom":{"minecraft:jump":8,"minecraft:time_since_rest":6000,"minecraft:crouch_one_cm":3585,"minecraft:sprint_one_cm":13,"minecraft:play_time":6000,"minecraft:time_since_death":6000,"minecraft:walk_one_cm":2401,"minecraft:sneak_time":1708,"minecraft:total_world_time":6000,"minecraft:drop":1}},"DataVersion":3465}