{"stats":{"minecraft:used":{"minecraft:iron_shovel":1235,"minecraft:stone_sword":115,"minecraft:flint_and_steel":7,"minecraft:tropical_fish":3,"minecraft:spruce_slab":14,"minecraft:stone_shovel":399,"minecraft:chest":13,"minecraft:spruce_planks":236,"minecraft:shield":8,"minecraft:iron_sword":39,"minecraft:rotten_flesh":8,"minecraft:stone_hoe":119,"minecraft:iron_chestplate":1,"minecraft:torch":227,"minecraft:dirt":143,"minecraft:spruce_stairs":30,"minecraft:carrot":54,"minecraft:polished_diorite":1160,"minecraft:glass":196,"minecraft:dark_oak_planks":26,"minecraft:iron_axe":427,"minecraft:iron_helmet":1,"minecraft:dark_oak_slab":2,"minecraft:dark_oak_boat":2,"minecraft:furnace":4,"minecraft:polished_diorite_stairs":8,"minecraft:potato":118,"minecraft:cobbled_deepslate":66,"minecraft:cooked_mutton":14,"minecraft:water_bucket":50,"minecraft:amethyst_block":2,"minecraft:stone_pickaxe":405,"minecraft:sugar_cane":71,"minecraft:wooden_pickaxe":59,"minecraft:composter":2,"minecraft:diamond_axe":895,"minecraft:fletching_table":5,"minecraft:cobblestone_slab":2,"minecraft:white_wool":6,"minecraft:dark_oak_trapdoor":3,"minecraft:glow_berries":9,"minecraft:blast_furnace":6,"minecraft:crafting_table":16,"minecraft:white_bed":20,"minecraft:spruce_log":20,"minecraft:shears":3,"minecraft:diamond_pickaxe":1588,"minecraft:apple":1,"minecraft:bread":50,"minecraft:iron_pickaxe":255,"minecraft:polished_granite":184,"minecraft:gravel":74,"minecraft:spruce_sapling":81,"minecraft:stone_axe":86,"minecraft:cobblestone":141,"minecraft:andesite":2,"minecraft:smithing_table":5,"minecraft:bucket":51,"minecraft:yellow_bed":3,"minecraft:bone_meal":21},"minecraft:broken":{"minecraft:iron_shovel":4,"minecraft:wooden_pickaxe":1,"minecraft:stone_pickaxe":3,"minecraft:iron_axe":1,"minecraft:iron_pickaxe":1,"minecraft:stone_shovel":3},"minecraft:picked_up":{"minecraft:iron_chestplate":1,"minecraft:crafting_table":14,"minecraft:clay_ball":480,"minecraft:smithing_table":4,"minecraft:stone_slab":3,"minecraft:brewing_stand":2,"minecraft:shield":1,"minecraft:amethyst_block":2,"minecraft:raw_copper":16,"minecraft:flint_and_steel":1,"minecraft:iron_leggings":1,"minecraft:iron_shovel":1,"minecraft:cobbled_deepslate":116,"minecraft:bucket":3,"minecraft:spruce_planks":31,"minecraft:beef":20,"minecraft:cobblestone_slab":1,"minecraft:poppy":1,"minecraft:iron_pickaxe":1,"minecraft:sugar_cane":302,"minecraft:chest":4,"minecraft:diamond_hoe":3,"minecraft:furnace":3,"minecraft:dark_oak_sapling":5,"minecraft:raw_iron":46,"minecraft:stick":776,"minecraft:composter":1,"minecraft:oak_fence":2,"minecraft:torch":39,"minecraft:spruce_stairs":8,"minecraft:diorite":1116,"minecraft:carrot":93,"minecraft:redstone":60,"minecraft:dark_oak_planks":27,"minecraft:stone_sword":5,"minecraft:arrow":3,"minecraft:stone_shovel":4,"minecraft:rotten_flesh":15,"minecraft:tropical_fish":3,"minecraft:hay_block":23,"minecraft:glow_berries":9,"minecraft:obsidian":21,"minecraft:mutton":14,"minecraft:white_wool":27,"minecraft:cobblestone":453,"minecraft:water_bucket":2,"minecraft:andesite":34,"minecraft:leather":3,"minecraft:dark_oak_boat":4,"minecraft:potato":147,"minecraft:flint":15,"minecraft:oak_log":7,"minecraft:yellow_bed":6,"minecraft:dirt":1558,"minecraft:polished_granite":6,"minecraft:bone":11,"minecraft:acacia_planks":1,"minecraft:stonecutter":2,"minecraft:wheat_seeds":26,"minecraft:raw_gold":3,"minecraft:spore_blossom":4,"minecraft:iron_ingot":7,"minecraft:fletching_table":3,"minecraft:glowstone_dust":8,"minecraft:iron_sword":2,"minecraft:oak_planks":4,"minecraft:dark_oak_stairs":1,"minecraft:dark_oak_slab":3,"minecraft:dandelion":1,"minecraft:poisonous_potato":1,"minecraft:gravel":208,"minecraft:amethyst_shard":8,"minecraft:spruce_sapling":161,"minecraft:blast_furnace":6,"minecraft:white_bed":20,"minecraft:spruce_log":1428,"minecraft:dark_oak_log":77,"minecraft:spider_eye":1,"minecraft:polished_diorite_stairs":2,"minecraft:clay":60,"minecraft:diamond":2,"minecraft:polished_diorite":278,"minecraft:stone_axe":5,"minecraft:chainmail_leggings":2,"minecraft:iron_helmet":1,"minecraft:granite":209,"minecraft:diamond_axe":5,"minecraft:bread":6,"minecraft:emerald":40,"minecraft:bricks":1,"minecraft:coal":213},"minecraft:dropped":{"minecraft:water_bucket":1,"minecraft:wheat_seeds":18,"minecraft:diamond_axe":1,"minecraft:dark_oak_sapling":1,"minecraft:dark_oak_slab":12,"minecraft:cobblestone":11,"minecraft:leather":1,"minecraft:granite":7,"minecraft:chainmail_helmet":12,"minecraft:coal":1,"minecraft:stick":43,"minecraft:dark_oak_log":19,"minecraft:torch":1,"minecraft:iron_axe":4,"minecraft:chainmail_leggings":13,"minecraft:iron_shovel":2,"minecraft:dark_oak_boat":3,"minecraft:white_wool":4,"minecraft:bucket":2,"minecraft:spruce_sapling":21,"minecraft:dandelion":1,"minecraft:gravel":1,"minecraft:bricks":1,"minecraft:stone_axe":34,"minecraft:oak_trapdoor":6,"minecraft:stone_sword":5,"minecraft:cobbled_deepslate":27,"minecraft:raw_copper":1,"minecraft:diamond_hoe":6,"minecraft:stone_shovel":15,"minecraft:clay_ball":240,"minecraft:cooked_mutton":4,"minecraft:white_bed":1,"minecraft:shears":1,"minecraft:carrot":1,"minecraft:poppy":1,"minecraft:potato":38,"minecraft:spruce_planks":187,"minecraft:yellow_bed":3,"minecraft:spider_eye":1,"minecraft:spruce_log":169,"minecraft:beef":1,"minecraft:stone_pickaxe":36},"minecraft:killed_by":{"minecraft:skeleton":1,"minecraft:zombie":1},"minecraft:mined":{"minecraft:dark_oak_planks":26,"minecraft:large_amethyst_bud":1,"minecraft:spruce_planks":25,"minecraft:white_bed":20,"minecraft:farmland":1,"minecraft:dark_oak_leaves":9,"minecraft:deepslate_diamond_ore":1,"minecraft:dark_oak_log":50,"minecraft:brewing_stand":2,"minecraft:obsidian":21,"minecraft:cave_vines_plant":1,"minecraft:granite":207,"minecraft:budding_amethyst":1,"minecraft:grass_block":1012,"minecraft:polished_diorite":304,"minecraft:spruce_leaves":21,"minecraft:composter":1,"minecraft:hay_block":23,"minecraft:spore_blossom":2,"minecraft:carrots":24,"minecraft:spruce_sapling":1,"minecraft:furnace":2,"minecraft:iron_ore":32,"minecraft:fire":7,"minecraft:cobbled_deepslate":9,"minecraft:andesite":37,"minecraft:fletching_table":3,"minecraft:potatoes":43,"minecraft:dirt_path":16,"minecraft:cobblestone_slab":2,"minecraft:deepslate_iron_ore":6,"minecraft:stone":277,"minecraft:white_wool":6,"minecraft:smithing_table":4,"minecraft:podzol":21,"minecraft:deepslate_redstone_ore":8,"minecraft:amethyst_cluster":1,"minecraft:dandelion":1,"minecraft:polished_granite":7,"minecraft:oak_fence":2,"minecraft:clay":44,"minecraft:crafting_table":12,"minecraft:torch":6,"minecraft:blast_furnace":7,"minecraft:chest":4,"minecraft:stone_slab":3,"minecraft:copper_ore":2,"minecraft:glass":1,"minecraft:tall_grass":19,"minecraft:cobblestone":92,"minecraft:deepslate_gold_ore":3,"minecraft:sugar_cane":123,"minecraft:bricks":1,"minecraft:wall_torch":2,"minecraft:diorite":1015,"minecraft:amethyst_block":2,"minecraft:spruce_stairs":6,"minecraft:polished_diorite_stairs":2,"minecraft:dark_oak_slab":3,"minecraft:spruce_log":1254,"minecraft:yellow_bed":6,"minecraft:grass":77,"minecraft:coal_ore":134,"minecraft:oak_log":7,"minecraft:gravel":143,"minecraft:dirt":549,"minecraft:acacia_planks":1,"minecraft:stonecutter":1,"minecraft:deepslate":98},"minecraft:killed":{"minecraft:witch":2,"minecraft:spider":2,"minecraft:skeleton":7,"minecraft:iron_golem":1,"minecraft:bat":1,"minecraft:sheep":9,"minecraft:zombie":12,"minecraft:donkey":1,"minecraft:cow":2},"minecraft:crafted":{"minecraft:oak_planks":16,"minecraft:chainmail_helmet":12,"minecraft:stone_shovel":7,"minecraft:cobblestone_slab":6,"minecraft:dark_oak_boat":1,"minecraft:diamond_hoe":3,"minecraft:furnace":2,"minecraft:dark_oak_trapdoor":4,"minecraft:bone_meal":21,"minecraft:cooked_mutton":18,"minecraft:oak_trapdoor":6,"minecraft:flint_and_steel":1,"minecraft:glass":189,"minecraft:spruce_stairs":72,"minecraft:diamond_helmet":1,"minecraft:diamond_leggings":3,"minecraft:polished_diorite":900,"minecraft:iron_axe":5,"minecraft:spruce_slab":132,"minecraft:stone_pickaxe":40,"minecraft:chest":9,"minecraft:diamond_boots":1,"minecraft:dark_oak_planks":124,"minecraft:stone_hoe":1,"minecraft:chainmail_leggings":12,"minecraft:wheat":126,"minecraft:emerald":450,"minecraft:diamond_axe":7,"minecraft:crafting_table":2,"minecraft:spruce_planks":7336,"minecraft:wooden_pickaxe":1,"minecraft:smithing_table":1,"minecraft:polished_granite":196,"minecraft:fletching_table":2,"minecraft:stone_axe":26,"minecraft:bread":66,"minecraft:air":0,"minecraft:dark_oak_slab":12,"minecraft:diamond_pickaxe":2,"minecraft:shield":1,"minecraft:stick":13911,"minecraft:iron_ingot":2,"minecraft:stone_sword":1,"minecraft:iron_shovel":6,"minecraft:iron_leggings":1,"minecraft:white_bed":2,"minecraft:composter":1,"minecraft:torch":308,"minecraft:polished_diorite_stairs":12,"minecraft:shears":1,"minecraft:clay":60,"minecraft:diamond_chestplate":1},"minecraft:custom":{"minecraft:mob_kills":38,"minecraft:interact_with_crafting_table":76,"minecraft:leave_game":31,"minecraft:time_since_death":157309,"minecraft:climb_one_cm":1952,"minecraft:sprint_one_cm":803838,"minecraft:walk_one_cm":1590977,"minecraft:damage_blocked_by_shield":535,"minecraft:drop":282,"minecraft:talked_to_villager":111,"minecraft:play_time":543696,"minecraft:sneak_time":86278,"minecraft:deaths":3,"minecraft:walk_under_water_one_cm":37692,"minecraft:boat_one_cm":22230,"minecraft:jump":7212,"minecraft:interact_with_blast_furnace":1,"minecraft:walk_on_water_one_cm":66547,"minecraft:total_world_time":543696,"minecraft:interact_with_furnace":104,"minecraft:traded_with_villager":567,"minecraft:sleep_in_bed":28,"minecraft:time_since_rest":2005,"minecraft:damage_taken":5108,"minecraft:damage_dealt":6894,"minecraft:swim_one_cm":37872,"minecraft:fly_one_cm":1225454,"minecraft:open_chest":224,"minecraft:crouch_one_cm":263457,"minecraft:fall_one_cm":204822}},"DataVersion":3465}