{"stats":{"minecraft:picked_up":{"minecraft:crafting_table":12,"minecraft:iron_chestplate":1,"minecraft:clay_ball":480,"minecraft:smithing_table":4,"minecraft:brewing_stand":2,"minecraft:shield":1,"minecraft:amethyst_block":2,"minecraft:raw_copper":6,"minecraft:iron_shovel":1,"minecraft:cobbled_deepslate":116,"minecraft:bucket":3,"minecraft:spruce_planks":23,"minecraft:beef":20,"minecraft:cobblestone_slab":1,"minecraft:iron_pickaxe":1,"minecraft:sugar_cane":122,"minecraft:chest":4,"minecraft:furnace":3,"minecraft:dark_oak_sapling":5,"minecraft:raw_iron":46,"minecraft:oak_fence":2,"minecraft:composter":1,"minecraft:torch":39,"minecraft:spruce_stairs":4,"minecraft:diorite":706,"minecraft:carrot":1,"minecraft:redstone":60,"minecraft:dark_oak_planks":27,"minecraft:stone_sword":5,"minecraft:rotten_flesh":9,"minecraft:arrow":3,"minecraft:stone_shovel":1,"minecraft:tropical_fish":3,"minecraft:hay_block":23,"minecraft:glow_berries":9,"minecraft:obsidian":1,"minecraft:mutton":14,"minecraft:white_wool":25,"minecraft:cobblestone":363,"minecraft:water_bucket":1,"minecraft:andesite":3,"minecraft:leather":3,"minecraft:dark_oak_boat":4,"minecraft:potato":100,"minecraft:flint":10,"minecraft:oak_log":7,"minecraft:yellow_bed":6,"minecraft:dirt":1435,"minecraft:bone":9,"minecraft:acacia_planks":1,"minecraft:stonecutter":2,"minecraft:wheat_seeds":19,"minecraft:raw_gold":3,"minecraft:spore_blossom":4,"minecraft:iron_ingot":2,"minecraft:glowstone_dust":8,"minecraft:dark_oak_stairs":1,"minecraft:oak_planks":4,"minecraft:dark_oak_slab":2,"minecraft:poisonous_potato":1,"minecraft:gravel":171,"minecraft:amethyst_shard":8,"minecraft:blast_furnace":6,"minecraft:white_bed":11,"minecraft:dark_oak_log":77,"minecraft:spider_eye":1,"minecraft:polished_diorite_stairs":2,"minecraft:clay":60,"minecraft:diamond":2,"minecraft:polished_diorite":23,"minecraft:stone_axe":2,"minecraft:iron_helmet":1,"minecraft:granite":9,"minecraft:bread":6,"minecraft:bricks":1,"minecraft:coal":174},"minecraft:used":{"minecraft:stone_sword":115,"minecraft:iron_shovel":1235,"minecraft:tropical_fish":3,"minecraft:stone_shovel":317,"minecraft:chest":13,"minecraft:spruce_planks":219,"minecraft:shield":4,"minecraft:rotten_flesh":8,"minecraft:stone_hoe":119,"minecraft:iron_chestplate":1,"minecraft:torch":142,"minecraft:dirt":118,"minecraft:spruce_stairs":18,"minecraft:polished_diorite":497,"minecraft:glass":146,"minecraft:dark_oak_planks":26,"minecraft:iron_helmet":1,"minecraft:dark_oak_slab":1,"minecraft:dark_oak_boat":2,"minecraft:furnace":4,"minecraft:polished_diorite_stairs":8,"minecraft:potato":105,"minecraft:cobbled_deepslate":66,"minecraft:cooked_mutton":14,"minecraft:water_bucket":45,"minecraft:amethyst_block":2,"minecraft:stone_pickaxe":405,"minecraft:wooden_pickaxe":59,"minecraft:composter":1,"minecraft:cobblestone_slab":2,"minecraft:glow_berries":9,"minecraft:white_wool":6,"minecraft:dark_oak_trapdoor":3,"minecraft:crafting_table":14,"minecraft:blast_furnace":6,"minecraft:white_bed":12,"minecraft:shears":3,"minecraft:diamond_pickaxe":477,"minecraft:apple":1,"minecraft:bread":34,"minecraft:iron_pickaxe":255,"minecraft:gravel":45,"minecraft:stone_axe":82,"minecraft:cobblestone":138,"minecraft:smithing_table":5,"minecraft:bucket":46,"minecraft:yellow_bed":3,"minecraft:bone_meal":21},"minecraft:broken":{"minecraft:iron_shovel":4,"minecraft:wooden_pickaxe":1,"minecraft:stone_pickaxe":3,"minecraft:iron_pickaxe":1,"minecraft:stone_shovel":2},"minecraft:custom":{"minecraft:mob_kills":32,"minecraft:interact_with_crafting_table":63,"minecraft:leave_game":6,"minecraft:time_since_death":13814,"minecraft:climb_one_cm":1952,"minecraft:sprint_one_cm":484312,"minecraft:walk_one_cm":970972,"minecraft:damage_blocked_by_shield":145,"minecraft:drop":119,"minecraft:talked_to_villager":9,"minecraft:play_time":310860,"minecraft:sneak_time":41645,"minecraft:deaths":2,"minecraft:walk_under_water_one_cm":36387,"minecraft:boat_one_cm":22230,"minecraft:jump":4619,"minecraft:walk_on_water_one_cm":59090,"minecraft:total_world_time":310860,"minecraft:interact_with_furnace":73,"minecraft:sleep_in_bed":16,"minecraft:time_since_rest":2215,"minecraft:damage_taken":3720,"minecraft:damage_dealt":5144,"minecraft:swim_one_cm":35628,"minecraft:fly_one_cm":859910,"minecraft:open_chest":136,"minecraft:crouch_one_cm":118104,"minecraft:fall_one_cm":136281},"minecraft:mined":{"minecraft:dark_oak_planks":26,"minecraft:large_amethyst_bud":1,"minecraft:spruce_planks":23,"minecraft:white_bed":12,"minecraft:farmland":1,"minecraft:dark_oak_leaves":9,"minecraft:deepslate_diamond_ore":1,"minecraft:dark_oak_log":50,"minecraft:brewing_stand":2,"minecraft:obsidian":1,"minecraft:cave_vines_plant":1,"minecraft:granite":7,"minecraft:budding_amethyst":1,"minecraft:grass_block":1002,"minecraft:polished_diorite":18,"minecraft:composter":1,"minecraft:hay_block":23,"minecraft:spore_blossom":2,"minecraft:furnace":2,"minecraft:carrots":1,"minecraft:iron_ore":32,"minecraft:cobbled_deepslate":9,"minecraft:potatoes":30,"minecraft:dirt_path":12,"minecraft:deepslate_iron_ore":6,"minecraft:cobblestone_slab":1,"minecraft:stone":187,"minecraft:white_wool":5,"minecraft:smithing_table":4,"minecraft:podzol":7,"minecraft:deepslate_redstone_ore":8,"minecraft:amethyst_cluster":1,"minecraft:oak_fence":2,"minecraft:clay":44,"minecraft:crafting_table":10,"minecraft:torch":6,"minecraft:blast_furnace":7,"minecraft:chest":4,"minecraft:glass":1,"minecraft:tall_grass":15,"minecraft:cobblestone":88,"minecraft:deepslate_gold_ore":3,"minecraft:sugar_cane":24,"minecraft:bricks":1,"minecraft:diorite":595,"minecraft:wall_torch":1,"minecraft:amethyst_block":2,"minecraft:polished_diorite_stairs":2,"minecraft:spruce_stairs":2,"minecraft:dark_oak_slab":2,"minecraft:yellow_bed":6,"minecraft:grass":55,"minecraft:oak_log":7,"minecraft:coal_ore":96,"minecraft:gravel":114,"minecraft:dirt":451,"minecraft:acacia_planks":1,"minecraft:stonecutter":1,"minecraft:deepslate":98},"minecraft:killed":{"minecraft:witch":2,"minecraft:spider":2,"minecraft:skeleton":6,"minecraft:bat":1,"minecraft:sheep":9,"minecraft:zombie":9,"minecraft:donkey":1,"minecraft:cow":2},"minecraft:killed_by":{"minecraft:skeleton":1},"minecraft:dropped":{"minecraft:water_bucket":1,"minecraft:wheat_seeds":11,"minecraft:dark_oak_sapling":1,"minecraft:dark_oak_slab":12,"minecraft:cobblestone":11,"minecraft:leather":1,"minecraft:granite":7,"minecraft:dark_oak_log":19,"minecraft:torch":1,"minecraft:iron_shovel":2,"minecraft:white_wool":2,"minecraft:dark_oak_boat":3,"minecraft:bucket":2,"minecraft:gravel":1,"minecraft:bricks":1,"minecraft:stone_axe":2,"minecraft:oak_trapdoor":6,"minecraft:stone_sword":5,"minecraft:cobbled_deepslate":27,"minecraft:clay_ball":240,"minecraft:cooked_mutton":4,"minecraft:white_bed":1,"minecraft:shears":1,"minecraft:potato":38,"minecraft:yellow_bed":3,"minecraft:spider_eye":1,"minecraft:beef":1},"minecraft:crafted":{"minecraft:oak_planks":16,"minecraft:cobblestone_slab":6,"minecraft:stone_shovel":2,"minecraft:dark_oak_boat":1,"minecraft:furnace":2,"minecraft:dark_oak_trapdoor":4,"minecraft:bone_meal":21,"minecraft:cooked_mutton":18,"minecraft:oak_trapdoor":6,"minecraft:glass":189,"minecraft:spruce_stairs":40,"minecraft:polished_diorite":492,"minecraft:stone_pickaxe":4,"minecraft:chest":9,"minecraft:dark_oak_planks":124,"minecraft:stone_hoe":1,"minecraft:wheat":126,"minecraft:crafting_table":2,"minecraft:spruce_planks":408,"minecraft:wooden_pickaxe":1,"minecraft:smithing_table":1,"minecraft:stone_axe":1,"minecraft:bread":42,"minecraft:air":0,"minecraft:dark_oak_slab":12,"minecraft:diamond_pickaxe":1,"minecraft:stick":72,"minecraft:iron_ingot":2,"minecraft:stone_sword":1,"minecraft:iron_shovel":6,"minecraft:white_bed":2,"minecraft:torch":148,"minecraft:polished_diorite_stairs":12,"minecraft:shears":1,"minecraft:clay":60}},"DataVersion":3465}