{"stats":{"minecraft:picked_up":{"minecraft:iron_chestplate":1,"minecraft:smithing_table":4,"minecraft:stone_slab":3,"minecraft:oak_stairs":1,"minecraft:brewing_stand":2,"minecraft:amethyst_block":2,"minecraft:raw_copper":16,"minecraft:iron_leggings":1,"minecraft:cobbled_deepslate":134,"minecraft:bucket":3,"minecraft:spruce_planks":31,"minecraft:cobblestone_slab":2,"minecraft:iron_pickaxe":1,"minecraft:furnace":3,"minecraft:stick":777,"minecraft:composter":1,"minecraft:oak_fence":2,"minecraft:torch":42,"minecraft:spruce_stairs":8,"minecraft:diorite":1153,"minecraft:stone_sword":5,"minecraft:rotten_flesh":16,"minecraft:tropical_fish":3,"minecraft:obsidian":21,"minecraft:cobblestone":629,"minecraft:water_bucket":2,"minecraft:andesite":39,"minecraft:dark_oak_boat":4,"minecraft:potato":147,"minecraft:flint":15,"minecraft:tuff":1,"minecraft:dirt":1585,"minecraft:polished_granite":6,"minecraft:bone":12,"minecraft:acacia_planks":1,"minecraft:stonecutter":2,"minecraft:wheat_seeds":32,"minecraft:raw_gold":16,"minecraft:glowstone_dust":8,"minecraft:fletching_table":3,"minecraft:oak_planks":4,"minecraft:poisonous_potato":1,"minecraft:dark_oak_log":77,"minecraft:mossy_cobblestone":1,"minecraft:clay":60,"minecraft:diamond":2,"minecraft:granite":210,"minecraft:bread":6,"minecraft:emerald":40,"minecraft:oak_sapling":4,"minecraft:bricks":1,"minecraft:crafting_table":14,"minecraft:clay_ball":480,"minecraft:shield":1,"minecraft:flint_and_steel":1,"minecraft:iron_shovel":1,"minecraft:beef":20,"minecraft:poppy":1,"minecraft:minecart":1,"minecraft:sugar_cane":362,"minecraft:chest":6,"minecraft:diamond_hoe":3,"minecraft:dark_oak_sapling":5,"minecraft:raw_iron":69,"minecraft:carrot":94,"minecraft:redstone":83,"minecraft:dark_oak_planks":27,"minecraft:arrow":3,"minecraft:stone_shovel":4,"minecraft:hay_block":23,"minecraft:glow_berries":9,"minecraft:mutton":14,"minecraft:white_wool":64,"minecraft:rail":1,"minecraft:leather":3,"minecraft:oak_log":39,"minecraft:yellow_bed":6,"minecraft:spore_blossom":4,"minecraft:iron_ingot":43,"minecraft:iron_sword":2,"minecraft:dark_oak_stairs":1,"minecraft:dark_oak_slab":3,"minecraft:dandelion":1,"minecraft:gravel":208,"minecraft:amethyst_shard":8,"minecraft:spruce_sapling":161,"minecraft:blast_furnace":6,"minecraft:white_bed":24,"minecraft:spruce_log":1428,"minecraft:spider_eye":1,"minecraft:polished_diorite_stairs":2,"minecraft:polished_diorite":279,"minecraft:stone_axe":5,"minecraft:chainmail_leggings":2,"minecraft:iron_helmet":1,"minecraft:diamond_axe":5,"minecraft:coal":231},"minecraft:used":{"minecraft:iron_shovel":1235,"minecraft:spruce_slab":14,"minecraft:chest":15,"minecraft:shield":8,"minecraft:iron_sword":60,"minecraft:rotten_flesh":8,"minecraft:iron_chestplate":1,"minecraft:carrot":55,"minecraft:tuff":1,"minecraft:glass":196,"minecraft:iron_helmet":1,"minecraft:dark_oak_slab":2,"minecraft:dark_oak_boat":2,"minecraft:furnace":4,"minecraft:polished_diorite_stairs":8,"minecraft:potato":118,"minecraft:stone_pickaxe":405,"minecraft:wooden_pickaxe":59,"minecraft:composter":2,"minecraft:diamond_axe":951,"minecraft:sugar_cane":73,"minecraft:white_wool":6,"minecraft:glow_berries":9,"minecraft:dark_oak_trapdoor":3,"minecraft:blast_furnace":6,"minecraft:shears":3,"minecraft:bread":58,"minecraft:polished_granite":184,"minecraft:gravel":74,"minecraft:smithing_table":5,"minecraft:andesite":2,"minecraft:bone_meal":21,"minecraft:stone_sword":115,"minecraft:flint_and_steel":7,"minecraft:tropical_fish":3,"minecraft:stone_shovel":399,"minecraft:spruce_planks":239,"minecraft:stone_hoe":119,"minecraft:torch":290,"minecraft:dirt":147,"minecraft:spruce_stairs":30,"minecraft:polished_diorite":1191,"minecraft:dark_oak_planks":26,"minecraft:iron_axe":427,"minecraft:cobbled_deepslate":66,"minecraft:cooked_mutton":14,"minecraft:water_bucket":52,"minecraft:amethyst_block":2,"minecraft:fletching_table":5,"minecraft:cobblestone_slab":3,"minecraft:rail":1,"minecraft:crafting_table":17,"minecraft:white_bed":20,"minecraft:spruce_log":20,"minecraft:diamond_pickaxe":1894,"minecraft:apple":1,"minecraft:iron_pickaxe":255,"minecraft:spruce_sapling":81,"minecraft:stone_axe":86,"minecraft:cobblestone":153,"minecraft:bucket":53,"minecraft:yellow_bed":3},"minecraft:custom":{"minecraft:interact_with_crafting_table":87,"minecraft:leave_game":37,"minecraft:time_since_death":221126,"minecraft:sprint_one_cm":912112,"minecraft:damage_blocked_by_shield":535,"minecraft:drop":296,"minecraft:talked_to_villager":112,"minecraft:play_time":607513,"minecraft:deaths":3,"minecraft:jump":8107,"minecraft:walk_on_water_one_cm":69646,"minecraft:interact_with_furnace":114,"minecraft:traded_with_villager":567,"minecraft:sleep_in_bed":31,"minecraft:damage_dealt":7672,"minecraft:crouch_one_cm":283928,"minecraft:inspect_dispenser":1,"minecraft:mob_kills":43,"minecraft:climb_one_cm":1952,"minecraft:walk_one_cm":1757359,"minecraft:sneak_time":92634,"minecraft:walk_under_water_one_cm":39028,"minecraft:boat_one_cm":22230,"minecraft:interact_with_blast_furnace":1,"minecraft:total_world_time":607513,"minecraft:time_since_rest":6951,"minecraft:damage_taken":5327,"minecraft:swim_one_cm":37872,"minecraft:fly_one_cm":1362357,"minecraft:open_chest":318,"minecraft:fall_one_cm":229909},"minecraft:broken":{"minecraft:iron_shovel":4,"minecraft:stone_pickaxe":3,"minecraft:stone_shovel":3,"minecraft:wooden_pickaxe":1,"minecraft:iron_axe":1,"minecraft:iron_pickaxe":1},"minecraft:mined":{"minecraft:dark_oak_planks":26,"minecraft:large_amethyst_bud":1,"minecraft:spruce_planks":25,"minecraft:white_bed":20,"minecraft:farmland":1,"minecraft:brewing_stand":2,"minecraft:obsidian":21,"minecraft:cave_vines_plant":1,"minecraft:granite":208,"minecraft:budding_amethyst":1,"minecraft:grass_block":1015,"minecraft:polished_diorite":305,"minecraft:composter":1,"minecraft:iron_ore":34,"minecraft:cobbled_deepslate":9,"minecraft:fire":7,"minecraft:fletching_table":3,"minecraft:dirt_path":16,"minecraft:oak_stairs":1,"minecraft:deepslate_redstone_ore":13,"minecraft:amethyst_cluster":1,"minecraft:clay":44,"minecraft:torch":7,"minecraft:blast_furnace":7,"minecraft:chest":6,"minecraft:glass":1,"minecraft:cobblestone":108,"minecraft:sugar_cane":187,"minecraft:bricks":1,"minecraft:wall_torch":3,"minecraft:amethyst_block":2,"minecraft:polished_diorite_stairs":2,"minecraft:dark_oak_slab":3,"minecraft:grass":99,"minecraft:oak_log":39,"minecraft:dirt":575,"minecraft:stonecutter":1,"minecraft:deepslate":119,"minecraft:tuff":2,"minecraft:mossy_cobblestone":1,"minecraft:dark_oak_leaves":9,"minecraft:deepslate_diamond_ore":1,"minecraft:dark_oak_log":50,"minecraft:spruce_leaves":21,"minecraft:hay_block":23,"minecraft:spore_blossom":2,"minecraft:spruce_sapling":1,"minecraft:furnace":2,"minecraft:carrots":24,"minecraft:andesite":42,"minecraft:potatoes":43,"minecraft:deepslate_iron_ore":28,"minecraft:cobblestone_slab":3,"minecraft:rail":1,"minecraft:stone":437,"minecraft:white_wool":6,"minecraft:podzol":21,"minecraft:smithing_table":4,"minecraft:dandelion":1,"minecraft:polished_granite":7,"minecraft:oak_fence":2,"minecraft:crafting_table":12,"minecraft:stone_slab":3,"minecraft:tall_grass":27,"minecraft:copper_ore":2,"minecraft:deepslate_coal_ore":7,"minecraft:deepslate_gold_ore":16,"minecraft:diorite":1052,"minecraft:spruce_stairs":6,"minecraft:spruce_log":1254,"minecraft:yellow_bed":6,"minecraft:coal_ore":145,"minecraft:gravel":143,"minecraft:acacia_planks":1},"minecraft:killed":{"minecraft:witch":2,"minecraft:spider":2,"minecraft:skeleton":7,"minecraft:iron_golem":1,"minecraft:sheep":9,"minecraft:donkey":1,"minecraft:zombie":14,"minecraft:cow":2,"minecraft:bat":1,"minecraft:villager":2},"minecraft:killed_by":{"minecraft:zombie":1,"minecraft:skeleton":1},"minecraft:dropped":{"minecraft:diamond_axe":1,"minecraft:dark_oak_sapling":1,"minecraft:dark_oak_slab":12,"minecraft:leather":1,"minecraft:dark_oak_log":19,"minecraft:dark_oak_boat":3,"minecraft:white_wool":4,"minecraft:gravel":1,"minecraft:stone_axe":34,"minecraft:cobbled_deepslate":27,"minecraft:rotten_flesh":1,"minecraft:cooked_mutton":4,"minecraft:white_bed":5,"minecraft:carrot":2,"minecraft:poppy":1,"minecraft:beetroot_seeds":2,"minecraft:beef":1,"minecraft:water_bucket":1,"minecraft:wheat_seeds":18,"minecraft:cobblestone":60,"minecraft:granite":7,"minecraft:spruce_stairs":24,"minecraft:chainmail_helmet":12,"minecraft:coal":1,"minecraft:stick":43,"minecraft:torch":1,"minecraft:iron_axe":4,"minecraft:chainmail_leggings":13,"minecraft:iron_shovel":2,"minecraft:bucket":2,"minecraft:spruce_sapling":21,"minecraft:dandelion":1,"minecraft:polished_diorite":6,"minecraft:bricks":1,"minecraft:oak_trapdoor":6,"minecraft:stone_sword":5,"minecraft:raw_copper":1,"minecraft:diamond_hoe":6,"minecraft:stone_shovel":15,"minecraft:clay_ball":240,"minecraft:shears":1,"minecraft:potato":38,"minecraft:oak_button":1,"minecraft:spruce_planks":187,"minecraft:yellow_bed":3,"minecraft:oak_sapling":3,"minecraft:spider_eye":1,"minecraft:spruce_log":169,"minecraft:stone_pickaxe":36},"minecraft:crafted":{"minecraft:oak_planks":144,"minecraft:chainmail_helmet":12,"minecraft:cobblestone_slab":450,"minecraft:oak_sign":27,"minecraft:dark_oak_boat":1,"minecraft:cooked_mutton":18,"minecraft:glass":189,"minecraft:hopper":9,"minecraft:diamond_helmet":1,"minecraft:diamond_leggings":3,"minecraft:chest":20,"minecraft:oak_button":1,"minecraft:stone_hoe":1,"minecraft:emerald":450,"minecraft:diamond_axe":7,"minecraft:crafting_table":3,"minecraft:spruce_planks":7436,"minecraft:wooden_pickaxe":1,"minecraft:smithing_table":1,"minecraft:fletching_table":2,"minecraft:dark_oak_slab":12,"minecraft:diamond_pickaxe":2,"minecraft:shield":1,"minecraft:stick":13947,"minecraft:iron_ingot":23,"minecraft:stone_sword":1,"minecraft:composter":1,"minecraft:polished_diorite_stairs":12,"minecraft:shears":2,"minecraft:stone_shovel":7,"minecraft:diamond_hoe":3,"minecraft:furnace":2,"minecraft:dark_oak_trapdoor":4,"minecraft:bone_meal":21,"minecraft:oak_trapdoor":6,"minecraft:flint_and_steel":1,"minecraft:spruce_stairs":72,"minecraft:polished_diorite":936,"minecraft:iron_axe":5,"minecraft:spruce_slab":132,"minecraft:stone_pickaxe":40,"minecraft:diamond_boots":1,"minecraft:dark_oak_planks":124,"minecraft:chainmail_leggings":12,"minecraft:wheat":126,"minecraft:polished_granite":196,"minecraft:stone_axe":26,"minecraft:bread":66,"minecraft:air":0,"minecraft:iron_shovel":6,"minecraft:iron_leggings":1,"minecraft:white_bed":19,"minecraft:torch":404,"minecraft:clay":60,"minecraft:diamond_chestplate":1}},"DataVersion":3465}