{"stats":{"minecraft:mined":{"minecraft:large_amethyst_bud":1,"minecraft:white_bed":12,"minecraft:dark_oak_leaves":9,"minecraft:deepslate_diamond_ore":1,"minecraft:dark_oak_log":50,"minecraft:granite":5,"minecraft:cave_vines_plant":1,"minecraft:budding_amethyst":1,"minecraft:grass_block":128,"minecraft:composter":1,"minecraft:hay_block":4,"minecraft:spore_blossom":2,"minecraft:furnace":2,"minecraft:iron_ore":27,"minecraft:cobbled_deepslate":9,"minecraft:potatoes":11,"minecraft:cobblestone_slab":1,"minecraft:deepslate_iron_ore":5,"minecraft:dirt_path":2,"minecraft:stone":166,"minecraft:deepslate_redstone_ore":6,"minecraft:amethyst_cluster":1,"minecraft:oak_fence":1,"minecraft:clay":44,"minecraft:crafting_table":10,"minecraft:torch":2,"minecraft:chest":3,"minecraft:glass":1,"minecraft:tall_grass":4,"minecraft:cobblestone":67,"minecraft:sugar_cane":24,"minecraft:diorite":101,"minecraft:amethyst_block":2,"minecraft:yellow_bed":3,"minecraft:grass":12,"minecraft:coal_ore":93,"minecraft:gravel":69,"minecraft:dirt":79,"minecraft:deepslate":90},"minecraft:crafted":{"minecraft:cobblestone_slab":6,"minecraft:stone_shovel":2,"minecraft:dark_oak_boat":1,"minecraft:furnace":2,"minecraft:dark_oak_trapdoor":4,"minecraft:bone_meal":12,"minecraft:cooked_mutton":18,"minecraft:glass":189,"minecraft:stone_pickaxe":4,"minecraft:chest":3,"minecraft:dark_oak_planks":124,"minecraft:stone_hoe":1,"minecraft:wheat":36,"minecraft:crafting_table":2,"minecraft:wooden_pickaxe":1,"minecraft:stone_axe":1,"minecraft:bread":12,"minecraft:air":0,"minecraft:dark_oak_slab":12,"minecraft:diamond_pickaxe":1,"minecraft:stick":64,"minecraft:iron_ingot":2,"minecraft:stone_sword":1,"minecraft:iron_shovel":2,"minecraft:white_bed":2,"minecraft:torch":148,"minecraft:clay":60},"minecraft:broken":{"minecraft:wooden_pickaxe":1,"minecraft:stone_pickaxe":3,"minecraft:stone_shovel":2},"minecraft:killed":{"minecraft:witch":2,"minecraft:spider":2,"minecraft:skeleton":5,"minecraft:bat":1,"minecraft:sheep":9,"minecraft:zombie":9,"minecraft:cow":2},"minecraft:dropped":{"minecraft:water_bucket":1,"minecraft:wheat_seeds":5,"minecraft:dark_oak_sapling":1,"minecraft:dark_oak_slab":12,"minecraft:cobblestone":10,"minecraft:leather":1,"minecraft:granite":7,"minecraft:dark_oak_log":19,"minecraft:torch":1,"minecraft:white_wool":2,"minecraft:dark_oak_boat":3,"minecraft:bucket":2,"minecraft:gravel":1,"minecraft:stone_axe":2,"minecraft:stone_sword":4,"minecraft:cobbled_deepslate":27,"minecraft:clay_ball":240,"minecraft:cooked_mutton":4,"minecraft:white_bed":1,"minecraft:potato":4,"minecraft:spider_eye":1,"minecraft:beef":1},"minecraft:picked_up":{"minecraft:crafting_table":12,"minecraft:iron_chestplate":1,"minecraft:clay_ball":480,"minecraft:shield":1,"minecraft:amethyst_block":2,"minecraft:raw_copper":6,"minecraft:cobbled_deepslate":108,"minecraft:bucket":3,"minecraft:beef":9,"minecraft:cobblestone_slab":1,"minecraft:iron_pickaxe":1,"minecraft:sugar_cane":122,"minecraft:chest":3,"minecraft:furnace":3,"minecraft:dark_oak_sapling":5,"minecraft:raw_iron":40,"minecraft:composter":1,"minecraft:oak_fence":1,"minecraft:torch":32,"minecraft:diorite":212,"minecraft:redstone":52,"minecraft:arrow":3,"minecraft:rotten_flesh":9,"minecraft:stone_sword":4,"minecraft:tropical_fish":3,"minecraft:hay_block":4,"minecraft:glow_berries":9,"minecraft:mutton":14,"minecraft:cobblestone":323,"minecraft:white_wool":8,"minecraft:water_bucket":1,"minecraft:leather":1,"minecraft:dark_oak_boat":4,"minecraft:potato":41,"minecraft:flint":8,"minecraft:yellow_bed":3,"minecraft:dirt":234,"minecraft:bone":9,"minecraft:wheat_seeds":5,"minecraft:spore_blossom":4,"minecraft:glowstone_dust":8,"minecraft:poisonous_potato":1,"minecraft:gravel":129,"minecraft:amethyst_shard":8,"minecraft:white_bed":11,"minecraft:dark_oak_log":77,"minecraft:spider_eye":1,"minecraft:clay":60,"minecraft:diamond":2,"minecraft:stone_axe":2,"minecraft:iron_helmet":1,"minecraft:granite":7,"minecraft:bread":1,"minecraft:coal":171},"minecraft:custom":{"minecraft:mob_kills":30,"minecraft:interact_with_crafting_table":41,"minecraft:leave_game":1,"minecraft:time_since_death":149947,"minecraft:climb_one_cm":1952,"minecraft:sprint_one_cm":262402,"minecraft:walk_one_cm":410693,"minecraft:damage_blocked_by_shield":55,"minecraft:drop":74,"minecraft:talked_to_villager":4,"minecraft:play_time":165153,"minecraft:deaths":1,"minecraft:sneak_time":28453,"minecraft:walk_under_water_one_cm":28888,"minecraft:boat_one_cm":22230,"minecraft:jump":2579,"minecraft:walk_on_water_one_cm":53180,"minecraft:total_world_time":165153,"minecraft:interact_with_furnace":54,"minecraft:sleep_in_bed":6,"minecraft:time_since_rest":303,"minecraft:damage_taken":2898,"minecraft:damage_dealt":4513,"minecraft:swim_one_cm":35628,"minecraft:fly_one_cm":361263,"minecraft:open_chest":44,"minecraft:crouch_one_cm":71647,"minecraft:fall_one_cm":78125},"minecraft:used":{"minecraft:stone_sword":99,"minecraft:tropical_fish":3,"minecraft:stone_shovel":267,"minecraft:chest":6,"minecraft:shield":2,"minecraft:stone_hoe":100,"minecraft:iron_chestplate":1,"minecraft:torch":73,"minecraft:dirt":102,"minecraft:glass":146,"minecraft:iron_helmet":1,"minecraft:dark_oak_boat":2,"minecraft:furnace":3,"minecraft:potato":80,"minecraft:cobbled_deepslate":66,"minecraft:cooked_mutton":14,"minecraft:water_bucket":32,"minecraft:amethyst_block":2,"minecraft:stone_pickaxe":405,"minecraft:wooden_pickaxe":59,"minecraft:composter":1,"minecraft:cobblestone_slab":2,"minecraft:dark_oak_trapdoor":3,"minecraft:glow_berries":9,"minecraft:crafting_table":13,"minecraft:white_bed":11,"minecraft:diamond_pickaxe":8,"minecraft:apple":1,"minecraft:bread":14,"minecraft:iron_pickaxe":122,"minecraft:stone_axe":30,"minecraft:cobblestone":133,"minecraft:bucket":32,"minecraft:yellow_bed":3,"minecraft:bone_meal":12}},"DataVersion":3465}