{"stats":{"minecraft:mined":{"minecraft:deepslate_redstone_ore":6,"minecraft:large_amethyst_bud":1,"minecraft:white_bed":4,"minecraft:dark_oak_leaves":9,"minecraft:deepslate_diamond_ore":1,"minecraft:amethyst_cluster":1,"minecraft:dark_oak_log":50,"minecraft:clay":44,"minecraft:crafting_table":8,"minecraft:cave_vines_plant":1,"minecraft:granite":5,"minecraft:budding_amethyst":1,"minecraft:grass_block":74,"minecraft:chest":3,"minecraft:tall_grass":2,"minecraft:cobblestone":15,"minecraft:sugar_cane":24,"minecraft:diorite":101,"minecraft:amethyst_block":2,"minecraft:spore_blossom":2,"minecraft:furnace":2,"minecraft:iron_ore":19,"minecraft:potatoes":1,"minecraft:grass":9,"minecraft:coal_ore":93,"minecraft:deepslate_iron_ore":5,"minecraft:dirt_path":2,"minecraft:gravel":69,"minecraft:dirt":5,"minecraft:stone":163,"minecraft:deepslate":90},"minecraft:crafted":{"minecraft:cobblestone_slab":6,"minecraft:stone_shovel":2,"minecraft:dark_oak_boat":1,"minecraft:crafting_table":2,"minecraft:wooden_pickaxe":1,"minecraft:furnace":2,"minecraft:stone_axe":1,"minecraft:cooked_mutton":18,"minecraft:air":0,"minecraft:glass":46,"minecraft:dark_oak_slab":12,"minecraft:stick":56,"minecraft:stone_pickaxe":4,"minecraft:stone_sword":1,"minecraft:chest":3,"minecraft:white_bed":2,"minecraft:dark_oak_planks":80,"minecraft:torch":68,"minecraft:stone_hoe":1,"minecraft:clay":60},"minecraft:killed":{"minecraft:witch":2,"minecraft:spider":2,"minecraft:bat":1,"minecraft:sheep":9,"minecraft:skeleton":5,"minecraft:zombie":1,"minecraft:cow":2},"minecraft:broken":{"minecraft:stone_pickaxe":3,"minecraft:stone_shovel":1,"minecraft:wooden_pickaxe":1},"minecraft:dropped":{"minecraft:gravel":1,"minecraft:stone_axe":2,"minecraft:wheat_seeds":5,"minecraft:stone_sword":3,"minecraft:cobbled_deepslate":27,"minecraft:dark_oak_sapling":1,"minecraft:dark_oak_slab":12,"minecraft:cobblestone":10,"minecraft:clay_ball":240,"minecraft:leather":1,"minecraft:granite":7,"minecraft:cooked_mutton":4,"minecraft:white_bed":1,"minecraft:dark_oak_log":19,"minecraft:torch":1,"minecraft:spider_eye":1,"minecraft:beef":1,"minecraft:bucket":1,"minecraft:dark_oak_boat":3,"minecraft:white_wool":2},"minecraft:picked_up":{"minecraft:iron_chestplate":1,"minecraft:crafting_table":10,"minecraft:clay_ball":480,"minecraft:leather":1,"minecraft:dark_oak_boat":4,"minecraft:potato":5,"minecraft:flint":8,"minecraft:shield":1,"minecraft:amethyst_block":2,"minecraft:dirt":88,"minecraft:raw_copper":6,"minecraft:bone":6,"minecraft:wheat_seeds":5,"minecraft:cobbled_deepslate":99,"minecraft:bucket":2,"minecraft:spore_blossom":4,"minecraft:beef":9,"minecraft:iron_pickaxe":1,"minecraft:glowstone_dust":8,"minecraft:sugar_cane":122,"minecraft:chest":3,"minecraft:furnace":3,"minecraft:dark_oak_sapling":5,"minecraft:raw_iron":32,"minecraft:torch":31,"minecraft:gravel":129,"minecraft:amethyst_shard":8,"minecraft:diorite":212,"minecraft:white_bed":3,"minecraft:redstone":52,"minecraft:dark_oak_log":77,"minecraft:spider_eye":1,"minecraft:clay":60,"minecraft:stone_sword":3,"minecraft:stone_axe":2,"minecraft:diamond":2,"minecraft:tropical_fish":3,"minecraft:iron_helmet":1,"minecraft:granite":7,"minecraft:bread":1,"minecraft:glow_berries":9,"minecraft:mutton":14,"minecraft:coal":171,"minecraft:white_wool":8,"minecraft:cobblestone":271},"minecraft:custom":{"minecraft:interact_with_furnace":19,"minecraft:mob_kills":22,"minecraft:interact_with_crafting_table":29,"minecraft:leave_game":1,"minecraft:time_since_death":101947,"minecraft:sleep_in_bed":3,"minecraft:climb_one_cm":1952,"minecraft:time_since_rest":20352,"minecraft:sprint_one_cm":177185,"minecraft:damage_taken":2288,"minecraft:walk_one_cm":261118,"minecraft:damage_blocked_by_shield":55,"minecraft:drop":67,"minecraft:damage_dealt":2971,"minecraft:swim_one_cm":34823,"minecraft:fly_one_cm":245174,"minecraft:open_chest":12,"minecraft:crouch_one_cm":59242,"minecraft:play_time":117153,"minecraft:deaths":1,"minecraft:sneak_time":23706,"minecraft:walk_under_water_one_cm":22847,"minecraft:boat_one_cm":22230,"minecraft:jump":1795,"minecraft:walk_on_water_one_cm":44428,"minecraft:total_world_time":117153,"minecraft:fall_one_cm":51162},"minecraft:used":{"minecraft:cooked_mutton":14,"minecraft:water_bucket":18,"minecraft:stone_sword":51,"minecraft:amethyst_block":2,"minecraft:tropical_fish":3,"minecraft:stone_shovel":142,"minecraft:stone_pickaxe":405,"minecraft:wooden_pickaxe":59,"minecraft:chest":6,"minecraft:shield":2,"minecraft:cobblestone_slab":1,"minecraft:stone_hoe":97,"minecraft:iron_chestplate":1,"minecraft:torch":42,"minecraft:glow_berries":9,"minecraft:dirt":82,"minecraft:crafting_table":12,"minecraft:white_bed":4,"minecraft:apple":1,"minecraft:bread":1,"minecraft:iron_pickaxe":55,"minecraft:iron_helmet":1,"minecraft:stone_axe":29,"minecraft:cobblestone":49,"minecraft:dark_oak_boat":2,"minecraft:furnace":3,"minecraft:bucket":18,"minecraft:cobbled_deepslate":47}},"DataVersion":3465}