{"stats":{"minecraft:mined":{"minecraft:coal_ore":27,"minecraft:chest":1,"minecraft:dark_oak_leaves":9,"minecraft:dark_oak_log":50,"minecraft:stone":26,"minecraft:crafting_table":1},"minecraft:crafted":{"minecraft:chest":1,"minecraft:dark_oak_planks":20,"minecraft:crafting_table":1,"minecraft:stick":8,"minecraft:wooden_pickaxe":1},"minecraft:dropped":{"minecraft:dark_oak_sapling":1},"minecraft:picked_up":{"minecraft:dark_oak_sapling":3,"minecraft:crafting_table":1,"minecraft:chest":1,"minecraft:dark_oak_log":50,"minecraft:coal":27,"minecraft:cobblestone":26},"minecraft:used":{"minecraft:crafting_table":2,"minecraft:chest":1,"minecraft:wooden_pickaxe":53},"minecraft:custom":{"minecraft:open_chest":5,"minecraft:time_since_rest":2859,"minecraft:crouch_one_cm":11654,"minecraft:deaths":1,"minecraft:play_time":18000,"minecraft:sprint_one_cm":7786,"minecraft:damage_taken":1230,"minecraft:walk_one_cm":13136,"minecraft:sneak_time":6234,"minecraft:walk_under_water_one_cm":1694,"minecraft:drop":1,"minecraft:jump":55,"minecraft:walk_on_water_one_cm":63,"minecraft:time_since_death":2794,"minecraft:total_world_time":18000,"minecraft:swim_one_cm":17737,"minecraft:fall_one_cm":1377,"minecraft:interact_with_crafting_table":6,"minecraft:fly_one_cm":3158}},"DataVersion":3465}