{"stats":{"minecraft:mined":{"minecraft:large_amethyst_bud":1,"minecraft:dark_oak_leaves":9,"minecraft:amethyst_cluster":1,"minecraft:dark_oak_log":50,"minecraft:clay":44,"minecraft:crafting_table":2,"minecraft:cave_vines_plant":1,"minecraft:granite":4,"minecraft:budding_amethyst":1,"minecraft:chest":1,"minecraft:diorite":59,"minecraft:amethyst_block":2,"minecraft:spore_blossom":1,"minecraft:coal_ore":73,"minecraft:dirt":3,"minecraft:stone":90,"minecraft:deepslate":75},"minecraft:crafted":{"minecraft:crafting_table":2,"minecraft:wooden_pickaxe":1,"minecraft:furnace":1,"minecraft:stone_axe":1,"minecraft:cooked_mutton":5,"minecraft:air":0,"minecraft:stick":32,"minecraft:stone_pickaxe":2,"minecraft:stone_sword":1,"minecraft:chest":1,"minecraft:dark_oak_planks":36,"minecraft:torch":68},"minecraft:killed":{"minecraft:witch":1,"minecraft:spider":1,"minecraft:bat":1,"minecraft:sheep":3,"minecraft:skeleton":3,"minecraft:zombie":1},"minecraft:broken":{"minecraft:stone_pickaxe":1,"minecraft:wooden_pickaxe":1},"minecraft:dropped":{"minecraft:dark_oak_sapling":1,"minecraft:cobblestone":10,"minecraft:cooked_mutton":3,"minecraft:dark_oak_log":6},"minecraft:picked_up":{"minecraft:crafting_table":3,"minecraft:clay_ball":240,"minecraft:amethyst_block":2,"minecraft:dirt":5,"minecraft:raw_copper":3,"minecraft:bone":3,"minecraft:cobbled_deepslate":84,"minecraft:spore_blossom":1,"minecraft:glowstone_dust":2,"minecraft:chest":1,"minecraft:dark_oak_sapling":3,"minecraft:torch":1,"minecraft:amethyst_shard":4,"minecraft:diorite":64,"minecraft:dark_oak_log":50,"minecraft:spider_eye":1,"minecraft:tropical_fish":2,"minecraft:granite":6,"minecraft:glow_berries":8,"minecraft:mutton":4,"minecraft:coal":73,"minecraft:white_wool":3,"minecraft:cobblestone":111},"minecraft:custom":{"minecraft:interact_with_furnace":2,"minecraft:mob_kills":10,"minecraft:interact_with_crafting_table":10,"minecraft:time_since_death":26794,"minecraft:climb_one_cm":330,"minecraft:time_since_rest":26859,"minecraft:sprint_one_cm":19843,"minecraft:damage_taken":1585,"minecraft:walk_one_cm":75509,"minecraft:drop":20,"minecraft:damage_dealt":1586,"minecraft:swim_one_cm":20461,"minecraft:fly_one_cm":9645,"minecraft:open_chest":5,"minecraft:crouch_one_cm":29908,"minecraft:play_time":42000,"minecraft:deaths":1,"minecraft:sneak_time":14619,"minecraft:walk_under_water_one_cm":4865,"minecraft:jump":317,"minecraft:walk_on_water_one_cm":18946,"minecraft:total_world_time":42000,"minecraft:fall_one_cm":3947},"minecraft:used":{"minecraft:cooked_mutton":2,"minecraft:stone_sword":37,"minecraft:amethyst_block":2,"minecraft:stone_pickaxe":260,"minecraft:chest":2,"minecraft:wooden_pickaxe":59,"minecraft:torch":16,"minecraft:glow_berries":6,"minecraft:crafting_table":4,"minecraft:stone_axe":1,"minecraft:cobblestone":11,"minecraft:furnace":1}},"DataVersion":3465}