{"stats":{"minecraft:picked_up":{"minecraft:crafting_table":3,"minecraft:wheat":9,"minecraft:leather":4,"minecraft:potato":85,"minecraft:flint":1,"minecraft:oak_log":7,"minecraft:yellow_bed":7,"minecraft:dirt":389,"minecraft:lapis_lazuli":39,"minecraft:string":1,"minecraft:oak_trapdoor":8,"minecraft:raw_copper":33,"minecraft:bone":4,"minecraft:acacia_planks":40,"minecraft:wheat_seeds":34,"minecraft:acacia_trapdoor":15,"minecraft:cobbled_deepslate":6,"minecraft:spruce_planks":1,"minecraft:beef":3,"minecraft:chest":3,"minecraft:oak_planks":16,"minecraft:acacia_sapling":6,"minecraft:raw_iron":23,"minecraft:acacia_log":79,"minecraft:gravel":2,"minecraft:sand":3,"minecraft:diorite":4,"minecraft:white_bed":3,"minecraft:carrot":17,"minecraft:redstone":33,"minecraft:dark_oak_log":13,"minecraft:arrow":5,"minecraft:rotten_flesh":2,"minecraft:hay_block":11,"minecraft:granite":3,"minecraft:acacia_slab":14,"minecraft:mutton":4,"minecraft:coal":30,"minecraft:hopper":17,"minecraft:white_wool":3,"minecraft:cobblestone":54},"minecraft:used":{"minecraft:wheat_seeds":9,"minecraft:water_bucket":9,"minecraft:diorite":2,"minecraft:stone_sword":44,"minecraft:acacia_trapdoor":35,"minecraft:stone_shovel":142,"minecraft:stone_pickaxe":94,"minecraft:oak_planks":23,"minecraft:chest":5,"minecraft:spruce_planks":203,"minecraft:wooden_pickaxe":10,"minecraft:shield":28,"minecraft:composter":1,"minecraft:stone_hoe":10,"minecraft:torch":4,"minecraft:dirt":812,"minecraft:hopper":23,"minecraft:crafting_table":5,"minecraft:white_bed":4,"minecraft:acacia_sapling":2,"minecraft:glass":320,"minecraft:acacia_slab":53,"minecraft:bread":24,"minecraft:iron_pickaxe":56,"minecraft:gravel":2,"minecraft:stone_axe":193,"minecraft:cobblestone":18,"minecraft:smithing_table":1,"minecraft:furnace":1,"minecraft:bucket":9,"minecraft:yellow_bed":6,"minecraft:potato":85,"minecraft:acacia_planks":262},"minecraft:broken":{"minecraft:stone_axe":1,"minecraft:stone_shovel":1},"minecraft:custom":{"minecraft:interact_with_furnace":14,"minecraft:mob_kills":12,"minecraft:inspect_hopper":4,"minecraft:interact_with_crafting_table":44,"minecraft:leave_game":11,"minecraft:time_since_death":259245,"minecraft:sleep_in_bed":14,"minecraft:time_since_rest":11219,"minecraft:sprint_one_cm":168107,"minecraft:damage_taken":1050,"minecraft:walk_one_cm":737467,"minecraft:damage_blocked_by_shield":805,"minecraft:drop":4,"minecraft:damage_dealt":1963,"minecraft:talked_to_villager":3,"minecraft:fly_one_cm":44863,"minecraft:open_chest":58,"minecraft:play_time":259245,"minecraft:crouch_one_cm":61405,"minecraft:sneak_time":17462,"minecraft:walk_under_water_one_cm":3706,"minecraft:jump":1350,"minecraft:walk_on_water_one_cm":7717,"minecraft:total_world_time":259245,"minecraft:fall_one_cm":21269},"minecraft:mined":{"minecraft:deepslate_redstone_ore":2,"minecraft:acacia_leaves":10,"minecraft:spruce_planks":1,"minecraft:white_bed":3,"minecraft:farmland":12,"minecraft:crafting_table":3,"minecraft:granite":7,"minecraft:acacia_log":79,"minecraft:grass_block":245,"minecraft:chest":3,"minecraft:copper_ore":9,"minecraft:glass":2,"minecraft:tall_grass":12,"minecraft:acacia_slab":13,"minecraft:lapis_ore":7,"minecraft:oak_planks":16,"minecraft:hopper":7,"minecraft:diorite":4,"minecraft:hay_block":11,"minecraft:redstone_ore":6,"minecraft:oak_trapdoor":8,"minecraft:carrots":6,"minecraft:acacia_trapdoor":19,"minecraft:iron_ore":9,"minecraft:wheat":9,"minecraft:yellow_bed":3,"minecraft:grass":25,"minecraft:potatoes":28,"minecraft:oak_log":7,"minecraft:coal_ore":30,"minecraft:deepslate_iron_ore":14,"minecraft:gravel":3,"minecraft:sand":4,"minecraft:dirt":149,"minecraft:acacia_planks":44,"minecraft:stone":45,"minecraft:deepslate":6},"minecraft:killed":{"minecraft:sheep":3,"minecraft:skeleton":3,"minecraft:zombie":3,"minecraft:cow":2},"minecraft:dropped":{"minecraft:iron_ingot":2,"minecraft:oak_trapdoor":8,"minecraft:rotten_flesh":1},"minecraft:crafted":{"minecraft:oak_planks":28,"minecraft:stone_shovel":1,"minecraft:crafting_table":3,"minecraft:spruce_planks":256,"minecraft:acacia_slab":48,"minecraft:iron_helmet":1,"minecraft:wooden_pickaxe":1,"minecraft:acacia_trapdoor":16,"minecraft:smithing_table":1,"minecraft:furnace":1,"minecraft:bucket":1,"minecraft:stone_axe":2,"minecraft:bread":33,"minecraft:air":0,"minecraft:hopper":8,"minecraft:shield":1,"minecraft:spruce_slab":30,"minecraft:stick":16,"minecraft:iron_ingot":23,"minecraft:iron_pickaxe":1,"minecraft:stone_pickaxe":1,"minecraft:stone_sword":1,"minecraft:chest":15,"minecraft:iron_leggings":1,"minecraft:white_bed":1,"minecraft:composter":4,"minecraft:acacia_planks":316,"minecraft:torch":12,"minecraft:dark_oak_planks":52,"minecraft:wheat":99}},"DataVersion":3465}