{"stats":{"minecraft:mined":{"minecraft:hay_block":11,"minecraft:iron_ore":4,"minecraft:granite":3,"minecraft:coal_ore":5,"minecraft:oak_log":1,"minecraft:gravel":3,"minecraft:sand":4,"minecraft:tall_grass":1,"minecraft:stone":29},"minecraft:crafted":{"minecraft:oak_planks":4,"minecraft:shield":1,"minecraft:crafting_table":1,"minecraft:stick":8,"minecraft:iron_ingot":4,"minecraft:wooden_pickaxe":1,"minecraft:iron_pickaxe":1,"minecraft:stone_pickaxe":1,"minecraft:stone_sword":1,"minecraft:furnace":1,"minecraft:dark_oak_planks":52,"minecraft:bread":33,"minecraft:wheat":99},"minecraft:killed":{"minecraft:skeleton":2,"minecraft:zombie":1},"minecraft:picked_up":{"minecraft:raw_iron":4,"minecraft:gravel":2,"minecraft:flint":1,"minecraft:sand":3,"minecraft:oak_log":1,"minecraft:dark_oak_log":13,"minecraft:bone":2,"minecraft:arrow":2,"minecraft:rotten_flesh":1,"minecraft:hay_block":11,"minecraft:coal":5,"minecraft:cobblestone":36},"minecraft:used":{"minecraft:stone_sword":18,"minecraft:bread":2,"minecraft:stone_pickaxe":32,"minecraft:shield":4,"minecraft:wooden_pickaxe":10,"minecraft:cobblestone":2,"minecraft:crafting_table":1,"minecraft:furnace":1},"minecraft:custom":{"minecraft:time_since_rest":19357,"minecraft:interact_with_furnace":2,"minecraft:sprint_one_cm":2742,"minecraft:damage_taken":250,"minecraft:walk_one_cm":48555,"minecraft:damage_blocked_by_shield":120,"minecraft:mob_kills":4,"minecraft:damage_dealt":855,"minecraft:interact_with_crafting_table":8,"minecraft:fly_one_cm":1094,"minecraft:open_chest":3,"minecraft:play_time":19357,"minecraft:sneak_time":54,"minecraft:jump":87,"minecraft:leave_game":4,"minecraft:time_since_death":19357,"minecraft:walk_on_water_one_cm":834,"minecraft:total_world_time":19357,"minecraft:fall_one_cm":1897}},"DataVersion":3465}