{"stats":{"minecraft:mined":{"minecraft:deepslate_redstone_ore":2,"minecraft:acacia_leaves":5,"minecraft:white_bed":2,"minecraft:granite":7,"minecraft:acacia_log":61,"minecraft:grass_block":221,"minecraft:chest":1,"minecraft:tall_grass":7,"minecraft:copper_ore":9,"minecraft:lapis_ore":7,"minecraft:diorite":2,"minecraft:hay_block":11,"minecraft:redstone_ore":6,"minecraft:oak_trapdoor":8,"minecraft:acacia_trapdoor":1,"minecraft:iron_ore":9,"minecraft:grass":24,"minecraft:oak_log":7,"minecraft:coal_ore":30,"minecraft:deepslate_iron_ore":14,"minecraft:gravel":3,"minecraft:sand":4,"minecraft:dirt":91,"minecraft:acacia_planks":15,"minecraft:stone":44,"minecraft:deepslate":6},"minecraft:crafted":{"minecraft:oak_planks":28,"minecraft:stone_shovel":1,"minecraft:crafting_table":3,"minecraft:wooden_pickaxe":1,"minecraft:iron_helmet":1,"minecraft:acacia_trapdoor":16,"minecraft:furnace":1,"minecraft:stone_axe":1,"minecraft:bread":33,"minecraft:air":0,"minecraft:shield":1,"minecraft:stick":12,"minecraft:iron_ingot":18,"minecraft:iron_pickaxe":1,"minecraft:stone_pickaxe":1,"minecraft:stone_sword":1,"minecraft:chest":2,"minecraft:iron_leggings":1,"minecraft:white_bed":1,"minecraft:acacia_planks":244,"minecraft:dark_oak_planks":52,"minecraft:torch":4,"minecraft:wheat":99},"minecraft:broken":{"minecraft:stone_shovel":1},"minecraft:killed":{"minecraft:skeleton":3,"minecraft:sheep":3,"minecraft:zombie":3,"minecraft:cow":2},"minecraft:dropped":{"minecraft:oak_trapdoor":8},"minecraft:picked_up":{"minecraft:leather":4,"minecraft:flint":1,"minecraft:oak_log":7,"minecraft:yellow_bed":3,"minecraft:oak_trapdoor":8,"minecraft:dirt":305,"minecraft:lapis_lazuli":39,"minecraft:string":1,"minecraft:raw_copper":33,"minecraft:bone":3,"minecraft:acacia_planks":16,"minecraft:acacia_trapdoor":1,"minecraft:wheat_seeds":9,"minecraft:cobbled_deepslate":6,"minecraft:beef":3,"minecraft:chest":1,"minecraft:acacia_sapling":6,"minecraft:raw_iron":23,"minecraft:acacia_log":61,"minecraft:gravel":2,"minecraft:sand":3,"minecraft:diorite":2,"minecraft:white_bed":2,"minecraft:redstone":33,"minecraft:dark_oak_log":13,"minecraft:arrow":3,"minecraft:rotten_flesh":1,"minecraft:hay_block":11,"minecraft:granite":3,"minecraft:mutton":4,"minecraft:coal":30,"minecraft:cobblestone":53,"minecraft:white_wool":3},"minecraft:custom":{"minecraft:interact_with_furnace":7,"minecraft:mob_kills":12,"minecraft:interact_with_crafting_table":22,"minecraft:leave_game":8,"minecraft:time_since_death":109682,"minecraft:sleep_in_bed":5,"minecraft:time_since_rest":5893,"minecraft:sprint_one_cm":86159,"minecraft:damage_taken":670,"minecraft:walk_one_cm":379007,"minecraft:damage_blocked_by_shield":775,"minecraft:drop":2,"minecraft:damage_dealt":1963,"minecraft:fly_one_cm":27317,"minecraft:open_chest":17,"minecraft:crouch_one_cm":42879,"minecraft:play_time":109682,"minecraft:sneak_time":10720,"minecraft:walk_under_water_one_cm":1880,"minecraft:jump":828,"minecraft:walk_on_water_one_cm":5697,"minecraft:total_world_time":109682,"minecraft:fall_one_cm":10824},"minecraft:used":{"minecraft:wheat_seeds":9,"minecraft:stone_sword":44,"minecraft:acacia_trapdoor":9,"minecraft:stone_shovel":142,"minecraft:stone_pickaxe":82,"minecraft:wooden_pickaxe":10,"minecraft:chest":3,"minecraft:shield":27,"minecraft:torch":4,"minecraft:dirt":388,"minecraft:crafting_table":3,"minecraft:acacia_sapling":1,"minecraft:white_bed":3,"minecraft:glass":312,"minecraft:bread":14,"minecraft:iron_pickaxe":56,"minecraft:gravel":2,"minecraft:stone_axe":93,"minecraft:cobblestone":18,"minecraft:furnace":1,"minecraft:acacia_planks":198}},"DataVersion":3465}