{"stats":{"minecraft:mined":{"minecraft:hay_block":11,"minecraft:sand":4},"minecraft:crafted":{"minecraft:dark_oak_planks":52},"minecraft:picked_up":{"minecraft:sand":3,"minecraft:dark_oak_log":13,"minecraft:hay_block":11},"minecraft:custom":{"minecraft:jump":10,"minecraft:open_chest":3,"minecraft:time_since_rest":7202,"minecraft:sprint_one_cm":1141,"minecraft:leave_game":1,"minecraft:play_time":7202,"minecraft:walk_on_water_one_cm":834,"minecraft:time_since_death":7202,"minecraft:walk_one_cm":10890,"minecraft:sneak_time":54,"minecraft:total_world_time":7202,"minecraft:fly_one_cm":300}},"DataVersion":3465}