{"stats":{"minecraft:mined":{"minecraft:deepslate_redstone_ore":2,"minecraft:acacia_leaves":5,"minecraft:white_bed":2,"minecraft:granite":7,"minecraft:acacia_log":61,"minecraft:grass_block":220,"minecraft:chest":1,"minecraft:copper_ore":9,"minecraft:tall_grass":7,"minecraft:lapis_ore":7,"minecraft:diorite":2,"minecraft:hay_block":11,"minecraft:redstone_ore":6,"minecraft:iron_ore":9,"minecraft:grass":22,"minecraft:oak_log":1,"minecraft:coal_ore":30,"minecraft:deepslate_iron_ore":14,"minecraft:gravel":3,"minecraft:sand":4,"minecraft:dirt":72,"minecraft:acacia_planks":11,"minecraft:stone":44,"minecraft:deepslate":6},"minecraft:crafted":{"minecraft:oak_planks":4,"minecraft:stone_shovel":1,"minecraft:crafting_table":3,"minecraft:wooden_pickaxe":1,"minecraft:iron_helmet":1,"minecraft:furnace":1,"minecraft:stone_axe":1,"minecraft:bread":33,"minecraft:air":0,"minecraft:shield":1,"minecraft:stick":12,"minecraft:iron_ingot":18,"minecraft:iron_pickaxe":1,"minecraft:stone_pickaxe":1,"minecraft:stone_sword":1,"minecraft:chest":2,"minecraft:iron_leggings":1,"minecraft:white_bed":1,"minecraft:acacia_planks":200,"minecraft:dark_oak_planks":52,"minecraft:torch":4,"minecraft:wheat":99},"minecraft:broken":{"minecraft:stone_shovel":1},"minecraft:killed":{"minecraft:skeleton":3,"minecraft:sheep":3,"minecraft:zombie":3,"minecraft:cow":2},"minecraft:picked_up":{"minecraft:leather":4,"minecraft:flint":1,"minecraft:oak_log":1,"minecraft:dirt":285,"minecraft:lapis_lazuli":39,"minecraft:string":1,"minecraft:raw_copper":33,"minecraft:bone":3,"minecraft:acacia_planks":12,"minecraft:wheat_seeds":8,"minecraft:cobbled_deepslate":6,"minecraft:beef":3,"minecraft:chest":1,"minecraft:acacia_sapling":6,"minecraft:raw_iron":23,"minecraft:acacia_log":61,"minecraft:gravel":2,"minecraft:sand":3,"minecraft:diorite":2,"minecraft:white_bed":2,"minecraft:redstone":33,"minecraft:dark_oak_log":13,"minecraft:arrow":3,"minecraft:rotten_flesh":1,"minecraft:hay_block":11,"minecraft:granite":3,"minecraft:mutton":4,"minecraft:coal":30,"minecraft:cobblestone":53,"minecraft:white_wool":3},"minecraft:used":{"minecraft:stone_sword":44,"minecraft:stone_shovel":142,"minecraft:stone_pickaxe":82,"minecraft:wooden_pickaxe":10,"minecraft:chest":3,"minecraft:shield":27,"minecraft:torch":4,"minecraft:dirt":286,"minecraft:crafting_table":3,"minecraft:acacia_sapling":1,"minecraft:white_bed":3,"minecraft:glass":312,"minecraft:bread":14,"minecraft:iron_pickaxe":56,"minecraft:gravel":2,"minecraft:stone_axe":72,"minecraft:cobblestone":18,"minecraft:furnace":1,"minecraft:acacia_planks":183},"minecraft:custom":{"minecraft:interact_with_furnace":7,"minecraft:mob_kills":12,"minecraft:interact_with_crafting_table":20,"minecraft:leave_game":8,"minecraft:time_since_death":97682,"minecraft:sleep_in_bed":4,"minecraft:time_since_rest":6507,"minecraft:sprint_one_cm":72930,"minecraft:damage_taken":660,"minecraft:walk_one_cm":332677,"minecraft:damage_blocked_by_shield":775,"minecraft:damage_dealt":1963,"minecraft:fly_one_cm":23156,"minecraft:open_chest":15,"minecraft:crouch_one_cm":37746,"minecraft:play_time":97682,"minecraft:sneak_time":9370,"minecraft:walk_under_water_one_cm":1880,"minecraft:jump":765,"minecraft:walk_on_water_one_cm":5680,"minecraft:total_world_time":97682,"minecraft:fall_one_cm":10071}},"DataVersion":3465}