{"stats":{"minecraft:mined":{"minecraft:deepslate_redstone_ore":2,"minecraft:acacia_leaves":10,"minecraft:white_bed":3,"minecraft:farmland":6,"minecraft:crafting_table":3,"minecraft:granite":7,"minecraft:acacia_log":79,"minecraft:grass_block":236,"minecraft:chest":3,"minecraft:glass":2,"minecraft:copper_ore":9,"minecraft:tall_grass":12,"minecraft:acacia_slab":13,"minecraft:lapis_ore":7,"minecraft:oak_planks":16,"minecraft:hopper":7,"minecraft:diorite":4,"minecraft:hay_block":11,"minecraft:redstone_ore":6,"minecraft:oak_trapdoor":8,"minecraft:carrots":6,"minecraft:acacia_trapdoor":19,"minecraft:iron_ore":9,"minecraft:yellow_bed":3,"minecraft:grass":24,"minecraft:coal_ore":30,"minecraft:potatoes":28,"minecraft:oak_log":7,"minecraft:deepslate_iron_ore":14,"minecraft:gravel":3,"minecraft:sand":4,"minecraft:dirt":124,"minecraft:acacia_planks":41,"minecraft:stone":45,"minecraft:deepslate":6},"minecraft:crafted":{"minecraft:oak_planks":28,"minecraft:stone_shovel":1,"minecraft:crafting_table":3,"minecraft:acacia_slab":36,"minecraft:wooden_pickaxe":1,"minecraft:iron_helmet":1,"minecraft:acacia_trapdoor":16,"minecraft:furnace":1,"minecraft:stone_axe":2,"minecraft:bread":33,"minecraft:air":0,"minecraft:hopper":6,"minecraft:shield":1,"minecraft:stick":16,"minecraft:iron_ingot":23,"minecraft:iron_pickaxe":1,"minecraft:stone_pickaxe":1,"minecraft:stone_sword":1,"minecraft:chest":13,"minecraft:iron_leggings":1,"minecraft:white_bed":1,"minecraft:acacia_planks":316,"minecraft:torch":4,"minecraft:dark_oak_planks":52,"minecraft:wheat":99},"minecraft:killed":{"minecraft:skeleton":3,"minecraft:sheep":3,"minecraft:zombie":3,"minecraft:cow":2},"minecraft:broken":{"minecraft:stone_axe":1,"minecraft:stone_shovel":1},"minecraft:dropped":{"minecraft:iron_ingot":2,"minecraft:oak_trapdoor":8,"minecraft:rotten_flesh":1},"minecraft:picked_up":{"minecraft:crafting_table":3,"minecraft:leather":4,"minecraft:potato":85,"minecraft:flint":1,"minecraft:oak_log":7,"minecraft:yellow_bed":7,"minecraft:string":1,"minecraft:lapis_lazuli":39,"minecraft:oak_trapdoor":8,"minecraft:dirt":353,"minecraft:raw_copper":33,"minecraft:bone":3,"minecraft:acacia_planks":39,"minecraft:acacia_trapdoor":15,"minecraft:wheat_seeds":9,"minecraft:cobbled_deepslate":6,"minecraft:beef":3,"minecraft:chest":3,"minecraft:oak_planks":16,"minecraft:acacia_sapling":6,"minecraft:raw_iron":23,"minecraft:acacia_log":79,"minecraft:gravel":2,"minecraft:sand":3,"minecraft:diorite":4,"minecraft:white_bed":3,"minecraft:carrot":17,"minecraft:redstone":33,"minecraft:dark_oak_log":13,"minecraft:arrow":3,"minecraft:rotten_flesh":1,"minecraft:hay_block":11,"minecraft:granite":3,"minecraft:acacia_slab":14,"minecraft:mutton":4,"minecraft:coal":30,"minecraft:white_wool":3,"minecraft:hopper":17,"minecraft:cobblestone":54},"minecraft:custom":{"minecraft:interact_with_furnace":11,"minecraft:mob_kills":12,"minecraft:inspect_hopper":4,"minecraft:interact_with_crafting_table":39,"minecraft:leave_game":11,"minecraft:time_since_death":180414,"minecraft:sleep_in_bed":9,"minecraft:time_since_rest":940,"minecraft:sprint_one_cm":140499,"minecraft:damage_taken":770,"minecraft:walk_one_cm":601980,"minecraft:damage_blocked_by_shield":775,"minecraft:drop":4,"minecraft:damage_dealt":1963,"minecraft:talked_to_villager":2,"minecraft:fly_one_cm":38346,"minecraft:open_chest":47,"minecraft:crouch_one_cm":50298,"minecraft:play_time":180414,"minecraft:sneak_time":14128,"minecraft:walk_under_water_one_cm":1880,"minecraft:jump":1174,"minecraft:walk_on_water_one_cm":6968,"minecraft:total_world_time":180414,"minecraft:fall_one_cm":16787},"minecraft:used":{"minecraft:wheat_seeds":9,"minecraft:diorite":2,"minecraft:stone_sword":44,"minecraft:stone_shovel":142,"minecraft:acacia_trapdoor":35,"minecraft:stone_pickaxe":94,"minecraft:oak_planks":23,"minecraft:wooden_pickaxe":10,"minecraft:chest":5,"minecraft:shield":27,"minecraft:torch":4,"minecraft:dirt":469,"minecraft:crafting_table":5,"minecraft:hopper":17,"minecraft:acacia_sapling":2,"minecraft:white_bed":4,"minecraft:glass":320,"minecraft:bread":18,"minecraft:iron_pickaxe":56,"minecraft:acacia_slab":46,"minecraft:gravel":2,"minecraft:stone_axe":192,"minecraft:cobblestone":18,"minecraft:furnace":1,"minecraft:yellow_bed":5,"minecraft:potato":85,"minecraft:acacia_planks":247}},"DataVersion":3465}