{"stats":{"minecraft:mined":{"minecraft:hay_block":11,"minecraft:deepslate_redstone_ore":2,"minecraft:redstone_ore":6,"minecraft:iron_ore":4,"minecraft:granite":7,"minecraft:grass":2,"minecraft:grass_block":5,"minecraft:coal_ore":30,"minecraft:oak_log":1,"minecraft:deepslate_iron_ore":14,"minecraft:dirt":3,"minecraft:gravel":3,"minecraft:sand":4,"minecraft:copper_ore":9,"minecraft:tall_grass":1,"minecraft:lapis_ore":7,"minecraft:stone":43,"minecraft:diorite":2,"minecraft:deepslate":6},"minecraft:crafted":{"minecraft:oak_planks":4,"minecraft:shield":1,"minecraft:crafting_table":2,"minecraft:iron_helmet":1,"minecraft:stick":12,"minecraft:wooden_pickaxe":1,"minecraft:iron_ingot":18,"minecraft:iron_pickaxe":1,"minecraft:stone_pickaxe":1,"minecraft:stone_sword":1,"minecraft:iron_leggings":1,"minecraft:furnace":1,"minecraft:torch":4,"minecraft:dark_oak_planks":52,"minecraft:air":0,"minecraft:bread":33,"minecraft:wheat":99},"minecraft:killed":{"minecraft:sheep":3,"minecraft:skeleton":3,"minecraft:zombie":3,"minecraft:cow":1},"minecraft:picked_up":{"minecraft:raw_iron":18,"minecraft:leather":2,"minecraft:gravel":2,"minecraft:sand":3,"minecraft:flint":1,"minecraft:oak_log":1,"minecraft:diorite":2,"minecraft:dirt":8,"minecraft:redstone":33,"minecraft:lapis_lazuli":39,"minecraft:dark_oak_log":13,"minecraft:string":1,"minecraft:raw_copper":33,"minecraft:arrow":3,"minecraft:bone":3,"minecraft:rotten_flesh":1,"minecraft:beef":1,"minecraft:cobbled_deepslate":6,"minecraft:hay_block":11,"minecraft:granite":3,"minecraft:mutton":4,"minecraft:coal":30,"minecraft:white_wool":3,"minecraft:cobblestone":52},"minecraft:used":{"minecraft:stone_sword":41,"minecraft:bread":9,"minecraft:stone_pickaxe":77,"minecraft:iron_pickaxe":53,"minecraft:shield":27,"minecraft:wooden_pickaxe":10,"minecraft:gravel":2,"minecraft:torch":4,"minecraft:cobblestone":18,"minecraft:crafting_table":2,"minecraft:furnace":1},"minecraft:custom":{"minecraft:time_since_rest":38720,"minecraft:interact_with_furnace":7,"minecraft:sprint_one_cm":7752,"minecraft:damage_taken":540,"minecraft:walk_one_cm":106337,"minecraft:damage_blocked_by_shield":775,"minecraft:mob_kills":11,"minecraft:damage_dealt":1863,"minecraft:interact_with_crafting_table":12,"minecraft:fly_one_cm":5698,"minecraft:open_chest":4,"minecraft:crouch_one_cm":101,"minecraft:play_time":38720,"minecraft:sneak_time":102,"minecraft:walk_under_water_one_cm":792,"minecraft:jump":353,"minecraft:leave_game":5,"minecraft:walk_on_water_one_cm":4013,"minecraft:time_since_death":38720,"minecraft:total_world_time":38720,"minecraft:fall_one_cm":3540}},"DataVersion":3465}