{"stats":{"minecraft:picked_up":{"minecraft:oak_log":3,"minecraft:dirt":10,"minecraft:cobblestone":14},"minecraft:used":{"minecraft:wooden_pickaxe":16},"minecraft:crafted":{"minecraft:oak_planks":12,"minecraft:crafting_table":1,"minecraft:stick":4,"minecraft:wooden_pickaxe":1},"minecraft:custom":{"minecraft:time_since_rest":4979,"minecraft:open_chest":4,"minecraft:crouch_one_cm":5243,"minecraft:play_time":10817,"minecraft:sprint_one_cm":8070,"minecraft:damage_taken":10,"minecraft:walk_one_cm":27657,"minecraft:sneak_time":1361,"minecraft:jump":104,"minecraft:leave_game":2,"minecraft:time_since_death":10817,"minecraft:sleep_in_bed":1,"minecraft:total_world_time":10817,"minecraft:talked_to_villager":3,"minecraft:interact_with_crafting_table":5,"minecraft:fall_one_cm":1254,"minecraft:fly_one_cm":23613},"minecraft:mined":{"minecraft:grass":1,"minecraft:oak_log":3,"minecraft:dirt":10,"minecraft:stone":15}},"DataVersion":3465}