{"stats":{"minecraft:picked_up":{"minecraft:wheat":12,"minecraft:lead":3,"minecraft:oak_stairs":1,"minecraft:amethyst_block":22,"minecraft:string":34,"minecraft:raw_copper":6,"minecraft:cobbled_deepslate":171,"minecraft:spruce_planks":198,"minecraft:redstone_torch":7,"minecraft:cobblestone_slab":6,"minecraft:calcite":6,"minecraft:furnace":6,"minecraft:stick":191,"minecraft:oak_fence":2,"minecraft:torch":48,"minecraft:acacia_log":9,"minecraft:spruce_stairs":28,"minecraft:porkchop":4,"minecraft:pointed_dripstone":62,"minecraft:diorite":6,"minecraft:rotten_flesh":22,"minecraft:tropical_fish":2,"minecraft:cod":2,"minecraft:cobblestone":195,"minecraft:feather":4,"minecraft:andesite":6,"minecraft:potato":302,"minecraft:flint":30,"minecraft:tuff":3,"minecraft:dirt":275,"minecraft:lapis_lazuli":19,"minecraft:bone":4,"minecraft:acacia_planks":1,"minecraft:bow":1,"minecraft:wheat_seeds":78,"minecraft:raw_gold":24,"minecraft:fletching_table":14,"minecraft:powered_rail":6,"minecraft:oak_planks":3,"minecraft:dropper":1,"minecraft:sand":911,"minecraft:dark_oak_log":47,"minecraft:dispenser":2,"minecraft:clay":7,"minecraft:diamond":10,"minecraft:granite":1,"minecraft:bone_meal":1,"minecraft:emerald":7,"minecraft:netherrack":66,"minecraft:crafting_table":10,"minecraft:chicken":2,"minecraft:clay_ball":540,"minecraft:chest_minecart":1,"minecraft:gold_block":1,"minecraft:oak_trapdoor":17,"minecraft:iron_shovel":1,"minecraft:beef":29,"minecraft:lectern":18,"minecraft:minecart":17,"minecraft:sugar_cane":57,"minecraft:spruce_trapdoor":2,"minecraft:raw_iron":225,"minecraft:spruce_fence":2,"minecraft:carrot":33,"minecraft:redstone":189,"minecraft:dark_oak_planks":3,"minecraft:arrow":13,"minecraft:stone_shovel":1,"minecraft:nether_bricks":52,"minecraft:shears":1,"minecraft:hay_block":10,"minecraft:glow_berries":4,"minecraft:mutton":8,"minecraft:white_wool":61,"minecraft:rail":355,"minecraft:leather":14,"minecraft:oak_log":9,"minecraft:yellow_bed":1,"minecraft:cooked_mutton":3,"minecraft:soul_sand":6,"minecraft:acacia_sapling":1,"minecraft:dark_oak_stairs":6,"minecraft:smooth_basalt":3,"minecraft:dark_oak_slab":47,"minecraft:dandelion":1,"minecraft:dripstone_block":10,"minecraft:gravel":341,"minecraft:spruce_sapling":259,"minecraft:blast_furnace":1,"minecraft:white_bed":34,"minecraft:spruce_log":3345,"minecraft:spider_eye":3,"minecraft:polished_diorite_stairs":2,"minecraft:stone_axe":9,"minecraft:polished_diorite":20,"minecraft:gray_wool":1,"minecraft:oak_button":2,"minecraft:coal":278},"minecraft:used":{"minecraft:iron_shovel":248,"minecraft:dispenser":3,"minecraft:chest":4,"minecraft:shield":74,"minecraft:stone":2,"minecraft:iron_sword":79,"minecraft:carrot":29,"minecraft:tuff":3,"minecraft:obsidian":14,"minecraft:lava_bucket":3,"minecraft:dark_oak_slab":68,"minecraft:furnace":9,"minecraft:cooked_cod":2,"minecraft:potato":289,"minecraft:dark_oak_stairs":18,"minecraft:diorite":3,"minecraft:dropper":1,"minecraft:stone_pickaxe":393,"minecraft:powered_rail":15,"minecraft:oak_planks":1,"minecraft:diamond_axe":2086,"minecraft:sugar_cane":32,"minecraft:glow_berries":3,"minecraft:sand":2,"minecraft:blast_furnace":1,"minecraft:dripstone_block":4,"minecraft:redstone_torch":14,"minecraft:bread":53,"minecraft:lectern":21,"minecraft:diamond_sword":4,"minecraft:grindstone":1,"minecraft:andesite":2,"minecraft:oak_trapdoor":13,"minecraft:oak_fence":1,"minecraft:flint_and_steel":3,"minecraft:tropical_fish":1,"minecraft:stone_shovel":1068,"minecraft:spruce_planks":10,"minecraft:stone_hoe":621,"minecraft:cooked_chicken":2,"minecraft:netherrack":52,"minecraft:torch":197,"minecraft:dirt":105,"minecraft:spruce_fence":53,"minecraft:granite":1,"minecraft:dark_oak_planks":14,"minecraft:iron_axe":723,"minecraft:spruce_button":1,"minecraft:minecart":3,"minecraft:cooked_beef":23,"minecraft:cobbled_deepslate":112,"minecraft:cooked_mutton":7,"minecraft:water_bucket":27,"minecraft:fletching_table":17,"minecraft:cobblestone_slab":18,"minecraft:spruce_fence_gate":2,"minecraft:rail":173,"minecraft:crafting_table":10,"minecraft:white_bed":49,"minecraft:spruce_log":6,"minecraft:oak_log":8,"minecraft:diamond_pickaxe":845,"minecraft:diamond_shovel":510,"minecraft:oak_button":2,"minecraft:iron_pickaxe":259,"minecraft:stone_slab":5,"minecraft:spruce_trapdoor":8,"minecraft:spruce_sapling":228,"minecraft:stone_axe":701,"minecraft:cobblestone":22,"minecraft:cooked_porkchop":4,"minecraft:bucket":36},"minecraft:broken":{"minecraft:iron_shovel":1,"minecraft:stone_pickaxe":3,"minecraft:stone_axe":5,"minecraft:stone_shovel":8,"minecraft:stone_hoe":4,"minecraft:diamond_axe":1,"minecraft:iron_axe":3,"minecraft:iron_pickaxe":1},"minecraft:custom":{"minecraft:animals_bred":7,"minecraft:interact_with_crafting_table":65,"minecraft:leave_game":9,"minecraft:time_since_death":601126,"minecraft:sprint_one_cm":590605,"minecraft:damage_blocked_by_shield":2295,"minecraft:drop":67,"minecraft:talked_to_villager":232,"minecraft:play_time":601126,"minecraft:jump":10056,"minecraft:walk_on_water_one_cm":49633,"minecraft:interact_with_furnace":130,"minecraft:traded_with_villager":611,"minecraft:sleep_in_bed":27,"minecraft:damage_dealt":7880,"minecraft:crouch_one_cm":149878,"minecraft:inspect_dispenser":16,"minecraft:horse_one_cm":4473,"minecraft:interact_with_smithing_table":1,"minecraft:inspect_dropper":2,"minecraft:mob_kills":56,"minecraft:climb_one_cm":2161,"minecraft:walk_one_cm":1924800,"minecraft:sneak_time":62797,"minecraft:walk_under_water_one_cm":38042,"minecraft:interact_with_blast_furnace":15,"minecraft:total_world_time":601126,"minecraft:time_since_rest":55666,"minecraft:damage_taken":4388,"minecraft:swim_one_cm":145871,"minecraft:fly_one_cm":1700934,"minecraft:open_chest":188,"minecraft:fall_one_cm":256518},"minecraft:mined":{"minecraft:dark_oak_planks":3,"minecraft:spruce_planks":10,"minecraft:white_bed":32,"minecraft:farmland":2,"minecraft:spruce_trapdoor":2,"minecraft:granite":4,"minecraft:budding_amethyst":1,"minecraft:acacia_log":9,"minecraft:grass_block":119,"minecraft:polished_diorite":5,"minecraft:spawner":3,"minecraft:iron_ore":98,"minecraft:cobbled_deepslate":12,"minecraft:fire":5,"minecraft:fletching_table":14,"minecraft:deepslate_lapis_ore":3,"minecraft:dark_oak_stairs":7,"minecraft:pointed_dripstone":40,"minecraft:dirt_path":3,"minecraft:deepslate_redstone_ore":37,"minecraft:soul_fire":3,"minecraft:clay":153,"minecraft:torch":24,"minecraft:calcite":6,"minecraft:cobblestone":6,"minecraft:sugar_cane":61,"minecraft:oak_planks":2,"minecraft:wall_torch":15,"minecraft:amethyst_block":22,"minecraft:seagrass":2,"minecraft:polished_diorite_stairs":2,"minecraft:powered_rail":6,"minecraft:dark_oak_slab":33,"minecraft:wheat":12,"minecraft:grass":99,"minecraft:oak_log":9,"minecraft:sand":913,"minecraft:dirt":103,"minecraft:smooth_basalt":3,"minecraft:dispenser":2,"minecraft:netherrack":89,"minecraft:deepslate":126,"minecraft:tuff":3,"minecraft:deepslate_diamond_ore":10,"minecraft:dark_oak_log":41,"minecraft:nether_bricks":58,"minecraft:spruce_fence":2,"minecraft:spruce_leaves":8,"minecraft:hay_block":10,"minecraft:redstone_ore":5,"minecraft:oak_trapdoor":3,"minecraft:furnace":6,"minecraft:carrots":9,"minecraft:andesite":6,"minecraft:gold_block":1,"minecraft:potatoes":87,"minecraft:deepslate_iron_ore":91,"minecraft:cobblestone_slab":6,"minecraft:rail":359,"minecraft:stone":143,"minecraft:podzol":23,"minecraft:soul_sand":7,"minecraft:dandelion":1,"minecraft:crafting_table":11,"minecraft:dropper":1,"minecraft:lectern":18,"minecraft:tall_grass":14,"minecraft:deepslate_gold_ore":24,"minecraft:diorite":10,"minecraft:spruce_stairs":5,"minecraft:redstone_torch":6,"minecraft:spruce_log":3248,"minecraft:yellow_bed":1,"minecraft:coal_ore":269,"minecraft:gravel":367,"minecraft:dripstone_block":8,"minecraft:cobweb":30,"minecraft:acacia_planks":1},"minecraft:killed":{"minecraft:cave_spider":2,"minecraft:spider":4,"minecraft:cod":2,"minecraft:skeleton":6,"minecraft:chicken":2,"minecraft:pig":2,"minecraft:zombie_villager":1,"minecraft:sheep":5,"minecraft:zombie":15,"minecraft:cow":10,"minecraft:slime":3},"minecraft:dropped":{"minecraft:clay":7,"minecraft:iron_sword":2,"minecraft:crafting_table":1,"minecraft:glow_berries":1,"minecraft:dirt":12,"minecraft:bone_meal":1,"minecraft:iron_pickaxe":1,"minecraft:dark_oak_planks":1,"minecraft:bone":1,"minecraft:gravel":1,"minecraft:stone_axe":10,"minecraft:rotten_flesh":6,"minecraft:oak_planks":5,"minecraft:diamond_shovel":1,"minecraft:carrot":4,"minecraft:dropper":1,"minecraft:hopper":10,"minecraft:arrow":8,"minecraft:beef":11,"minecraft:iron_ingot":36,"minecraft:bread":6,"minecraft:wheat_seeds":74,"minecraft:dripstone_block":2,"minecraft:oak_fence":1,"minecraft:iron_helmet":1,"minecraft:feather":4,"minecraft:amethyst_block":22,"minecraft:tropical_fish":1,"minecraft:spruce_stairs":2,"minecraft:coal":1,"minecraft:stick":4,"minecraft:oak_stairs":1,"minecraft:bucket":1,"minecraft:acacia_planks":1,"minecraft:polished_diorite":20,"minecraft:stone_shovel":2,"minecraft:diamond_sword":1,"minecraft:potato":12,"minecraft:shield":1,"minecraft:spruce_planks":2,"minecraft:diamond_pickaxe":1,"minecraft:andesite":4,"minecraft:iron_chestplate":1,"minecraft:spider_eye":2},"minecraft:crafted":{"minecraft:grindstone":1,"minecraft:oak_planks":4,"minecraft:cobblestone_slab":102,"minecraft:cooked_chicken":2,"minecraft:stone":5,"minecraft:diamond_shovel":2,"minecraft:bookshelf":4,"minecraft:cooked_mutton":4,"minecraft:hopper":10,"minecraft:glass":720,"minecraft:diamond_helmet":1,"minecraft:chest":14,"minecraft:stone_hoe":12,"minecraft:dropper":1,"minecraft:emerald":549,"minecraft:cooked_porkchop":4,"minecraft:crafting_table":1,"minecraft:spruce_planks":9724,"minecraft:iron_helmet":1,"minecraft:fletching_table":3,"minecraft:dispenser":1,"minecraft:spruce_trapdoor":20,"minecraft:lectern":4,"minecraft:book":12,"minecraft:dark_oak_slab":96,"minecraft:iron_chestplate":1,"minecraft:paper":36,"minecraft:diamond_pickaxe":2,"minecraft:shield":2,"minecraft:stick":17284,"minecraft:stone_slab":6,"minecraft:iron_ingot":218,"minecraft:iron_pickaxe":2,"minecraft:gold_ingot":19,"minecraft:redstone_torch":14,"minecraft:spruce_fence_gate":2,"minecraft:stone_shovel":18,"minecraft:spruce_button":1,"minecraft:furnace":3,"minecraft:spruce_fence":96,"minecraft:flint_and_steel":1,"minecraft:iron_axe":3,"minecraft:spruce_slab":24,"minecraft:stone_pickaxe":3,"minecraft:diamond_boots":1,"minecraft:dark_oak_planks":188,"minecraft:minecart":2,"minecraft:wheat":90,"minecraft:cooked_beef":23,"minecraft:cooked_cod":2,"minecraft:diamond_sword":2,"minecraft:dark_oak_stairs":40,"minecraft:powered_rail":18,"minecraft:iron_sword":9,"minecraft:bucket":4,"minecraft:stone_axe":11,"minecraft:bread":48,"minecraft:air":0,"minecraft:flint":180,"minecraft:white_bed":15,"minecraft:acacia_planks":36,"minecraft:torch":160,"minecraft:clay":135,"minecraft:diamond_chestplate":1}},"DataVersion":3465}