{"stats":{"minecraft:picked_up":{"minecraft:crafting_table":6,"minecraft:iron_chestplate":6,"minecraft:water_bucket":2,"minecraft:andesite":19,"minecraft:wooden_pickaxe":7,"minecraft:flint":34,"minecraft:tuff":1,"minecraft:oak_log":7,"minecraft:yellow_bed":11,"minecraft:dirt":28,"minecraft:lapis_lazuli":29,"minecraft:string":16,"minecraft:raw_copper":6,"minecraft:iron_leggings":5,"minecraft:bone":6,"minecraft:apple":22,"minecraft:wheat_seeds":10,"minecraft:cobbled_deepslate":102,"minecraft:raw_gold":1,"minecraft:iron_ingot":30,"minecraft:stone_pickaxe":15,"minecraft:iron_pickaxe":2,"minecraft:oak_planks":135,"minecraft:iron_boots":2,"minecraft:egg":3,"minecraft:furnace":1,"minecraft:stick":45,"minecraft:raw_iron":255,"minecraft:oak_door":9,"minecraft:torch":132,"minecraft:dandelion":1,"minecraft:gravel":460,"minecraft:dripstone_block":2,"minecraft:sand":18,"minecraft:pointed_dripstone":27,"minecraft:diorite":5,"minecraft:redstone":35,"minecraft:spider_eye":4,"minecraft:stone_shovel":19,"minecraft:stone_sword":6,"minecraft:arrow":6,"minecraft:rotten_flesh":15,"minecraft:diamond":2,"minecraft:chainmail_leggings":1,"minecraft:iron_helmet":2,"minecraft:granite":16,"minecraft:saddle":1,"minecraft:gold_ingot":4,"minecraft:bread":165,"minecraft:oak_sapling":4,"minecraft:coal":246,"minecraft:rail":68,"minecraft:cobblestone":284},"minecraft:used":{"minecraft:water_bucket":1,"minecraft:diorite":1,"minecraft:stone_sword":50,"minecraft:stone_shovel":407,"minecraft:stone_pickaxe":449,"minecraft:wooden_pickaxe":51,"minecraft:oak_door":7,"minecraft:torch":33,"minecraft:dirt":14,"minecraft:crafting_table":4,"minecraft:granite":4,"minecraft:bread":24,"minecraft:iron_pickaxe":22,"minecraft:iron_helmet":1,"minecraft:gravel":237,"minecraft:iron_boots":1,"minecraft:cobblestone":36,"minecraft:furnace":2,"minecraft:bucket":1,"minecraft:andesite":5,"minecraft:yellow_bed":6,"minecraft:cobbled_deepslate":32},"minecraft:broken":{"minecraft:stone_pickaxe":3,"minecraft:stone_shovel":3},"minecraft:dropped":{"minecraft:bread":32,"minecraft:wheat_seeds":10,"minecraft:stone_sword":1,"minecraft:crafting_table":1,"minecraft:raw_iron":31,"minecraft:cobblestone":64,"minecraft:glow_berries":3,"minecraft:saddle":1,"minecraft:rail":61,"minecraft:coal":61,"minecraft:golden_apple":1,"minecraft:oak_sapling":1,"minecraft:stone_pickaxe":1,"minecraft:chainmail_leggings":1,"minecraft:dandelion":1,"minecraft:gold_ingot":4},"minecraft:killed_by":{"minecraft:skeleton":3},"minecraft:crafted":{"minecraft:oak_door":3,"minecraft:oak_planks":28,"minecraft:stone_shovel":10,"minecraft:crafting_table":3,"minecraft:wooden_pickaxe":1,"minecraft:iron_helmet":1,"minecraft:furnace":1,"minecraft:bucket":1,"minecraft:air":0,"minecraft:iron_boots":1,"minecraft:stick":60,"minecraft:iron_ingot":63,"minecraft:iron_pickaxe":1,"minecraft:stone_pickaxe":1,"minecraft:stone_sword":1,"minecraft:torch":44},"minecraft:custom":{"minecraft:interact_with_furnace":33,"minecraft:mob_kills":10,"minecraft:interact_with_crafting_table":18,"minecraft:leave_game":4,"minecraft:time_since_death":22917,"minecraft:sleep_in_bed":4,"minecraft:time_since_rest":22967,"minecraft:sprint_one_cm":124421,"minecraft:damage_taken":2305,"minecraft:walk_one_cm":272763,"minecraft:drop":16,"minecraft:damage_dealt":2084,"minecraft:swim_one_cm":87556,"minecraft:talked_to_villager":3,"minecraft:fly_one_cm":224425,"minecraft:open_chest":8,"minecraft:crouch_one_cm":25048,"minecraft:play_time":119015,"minecraft:deaths":5,"minecraft:sneak_time":9974,"minecraft:walk_under_water_one_cm":30627,"minecraft:jump":1895,"minecraft:walk_on_water_one_cm":42156,"minecraft:total_world_time":119015,"minecraft:fall_one_cm":59389},"minecraft:mined":{"minecraft:deepslate_redstone_ore":8,"minecraft:tuff":1,"minecraft:deepslate_diamond_ore":2,"minecraft:oak_door":5,"minecraft:crafting_table":4,"minecraft:torch":5,"minecraft:grass_block":6,"minecraft:copper_ore":2,"minecraft:cobblestone":1,"minecraft:deepslate_gold_ore":1,"minecraft:diorite":2,"minecraft:wall_torch":9,"minecraft:seagrass":1,"minecraft:tall_seagrass":1,"minecraft:furnace":1,"minecraft:iron_ore":98,"minecraft:cobbled_deepslate":6,"minecraft:andesite":6,"minecraft:deepslate_lapis_ore":5,"minecraft:yellow_bed":7,"minecraft:grass":5,"minecraft:pointed_dripstone":11,"minecraft:oak_log":7,"minecraft:coal_ore":108,"minecraft:deepslate_iron_ore":34,"minecraft:rail":50,"minecraft:gravel":399,"minecraft:sand":6,"minecraft:dripstone_block":2,"minecraft:dirt":11,"minecraft:cobweb":1,"minecraft:stone":119,"minecraft:oak_leaves":3,"minecraft:deepslate":57},"minecraft:killed":{"minecraft:spider":2,"minecraft:skeleton":1,"minecraft:zombie":6,"minecraft:drowned":1}},"DataVersion":3465}