{"stats":{"minecraft:mined":{"minecraft:white_bed":3,"minecraft:deepslate_diamond_ore":7,"minecraft:dark_oak_log":41,"minecraft:granite":4,"minecraft:budding_amethyst":1,"minecraft:grass_block":5,"minecraft:spruce_leaves":7,"minecraft:redstone_ore":5,"minecraft:furnace":6,"minecraft:carrots":9,"minecraft:iron_ore":91,"minecraft:cobbled_deepslate":2,"minecraft:andesite":5,"minecraft:gold_block":1,"minecraft:potatoes":3,"minecraft:deepslate_iron_ore":8,"minecraft:stone":134,"minecraft:podzol":2,"minecraft:deepslate_redstone_ore":3,"minecraft:clay":153,"minecraft:crafting_table":9,"minecraft:torch":6,"minecraft:calcite":6,"minecraft:diorite":10,"minecraft:wall_torch":10,"minecraft:amethyst_block":22,"minecraft:seagrass":1,"minecraft:wheat":9,"minecraft:spruce_log":571,"minecraft:grass":23,"minecraft:coal_ore":252,"minecraft:sand":913,"minecraft:gravel":11,"minecraft:dirt":1,"minecraft:smooth_basalt":3,"minecraft:acacia_planks":1,"minecraft:netherrack":18,"minecraft:deepslate":59},"minecraft:crafted":{"minecraft:stone_shovel":8,"minecraft:cooked_chicken":2,"minecraft:furnace":3,"minecraft:cooked_mutton":4,"minecraft:glass":675,"minecraft:iron_axe":3,"minecraft:stone_pickaxe":3,"minecraft:chest":2,"minecraft:dark_oak_planks":56,"minecraft:stone_hoe":4,"minecraft:cooked_beef":12,"minecraft:cooked_cod":2,"minecraft:cooked_porkchop":4,"minecraft:crafting_table":1,"minecraft:iron_helmet":1,"minecraft:stone_axe":1,"minecraft:bread":2,"minecraft:air":0,"minecraft:iron_chestplate":1,"minecraft:shield":2,"minecraft:stick":48,"minecraft:iron_ingot":76,"minecraft:iron_pickaxe":2,"minecraft:torch":48,"minecraft:clay":135},"minecraft:broken":{"minecraft:stone_hoe":3,"minecraft:stone_pickaxe":2,"minecraft:iron_axe":2,"minecraft:stone_axe":1,"minecraft:iron_pickaxe":1,"minecraft:stone_shovel":8},"minecraft:killed":{"minecraft:spider":1,"minecraft:cod":2,"minecraft:skeleton":4,"minecraft:chicken":2,"minecraft:pig":2,"minecraft:zombie_villager":1,"minecraft:sheep":5,"minecraft:zombie":10,"minecraft:cow":10},"minecraft:dropped":{"minecraft:bread":6,"minecraft:clay":7,"minecraft:crafting_table":1,"minecraft:iron_helmet":1,"minecraft:feather":4,"minecraft:glow_berries":1,"minecraft:amethyst_block":22,"minecraft:tropical_fish":1,"minecraft:stick":4,"minecraft:bone_meal":1,"minecraft:iron_pickaxe":1,"minecraft:bucket":1,"minecraft:acacia_planks":1,"minecraft:rotten_flesh":1,"minecraft:shield":1,"minecraft:iron_chestplate":1,"minecraft:andesite":1,"minecraft:arrow":8,"minecraft:beef":11},"minecraft:picked_up":{"minecraft:crafting_table":8,"minecraft:wheat":9,"minecraft:chicken":2,"minecraft:clay_ball":540,"minecraft:gold_block":1,"minecraft:amethyst_block":22,"minecraft:raw_copper":6,"minecraft:cobbled_deepslate":85,"minecraft:beef":29,"minecraft:calcite":6,"minecraft:furnace":6,"minecraft:stick":50,"minecraft:raw_iron":136,"minecraft:torch":18,"minecraft:porkchop":4,"minecraft:diorite":5,"minecraft:carrot":29,"minecraft:redstone":36,"minecraft:arrow":11,"minecraft:rotten_flesh":8,"minecraft:tropical_fish":2,"minecraft:glow_berries":4,"minecraft:mutton":8,"minecraft:cod":2,"minecraft:white_wool":6,"minecraft:cobblestone":132,"minecraft:feather":4,"minecraft:andesite":5,"minecraft:leather":14,"minecraft:potato":7,"minecraft:dirt":11,"minecraft:cooked_mutton":3,"minecraft:bone":3,"minecraft:acacia_planks":1,"minecraft:bow":1,"minecraft:wheat_seeds":29,"minecraft:acacia_sapling":1,"minecraft:smooth_basalt":3,"minecraft:dark_oak_slab":12,"minecraft:gravel":17,"minecraft:sand":911,"minecraft:spruce_sapling":67,"minecraft:white_bed":5,"minecraft:spruce_log":571,"minecraft:dark_oak_log":47,"minecraft:spider_eye":1,"minecraft:clay":7,"minecraft:diamond":7,"minecraft:granite":1,"minecraft:bone_meal":1,"minecraft:gray_wool":1,"minecraft:coal":260},"minecraft:used":{"minecraft:tropical_fish":1,"minecraft:stone_shovel":1047,"minecraft:chest":2,"minecraft:shield":8,"minecraft:cooked_chicken":2,"minecraft:stone_hoe":535,"minecraft:torch":65,"minecraft:carrot":29,"minecraft:granite":1,"minecraft:iron_axe":610,"minecraft:furnace":9,"minecraft:cooked_cod":2,"minecraft:potato":6,"minecraft:cooked_beef":12,"minecraft:cobbled_deepslate":26,"minecraft:cooked_mutton":7,"minecraft:water_bucket":12,"minecraft:diorite":2,"minecraft:stone_pickaxe":388,"minecraft:glow_berries":3,"minecraft:sand":2,"minecraft:crafting_table":7,"minecraft:white_bed":5,"minecraft:bread":11,"minecraft:iron_pickaxe":259,"minecraft:spruce_sapling":64,"minecraft:stone_axe":89,"minecraft:cobblestone":2,"minecraft:cooked_porkchop":4,"minecraft:bucket":12,"minecraft:andesite":1},"minecraft:custom":{"minecraft:mob_kills":37,"minecraft:animals_bred":2,"minecraft:interact_with_crafting_table":31,"minecraft:leave_game":3,"minecraft:time_since_death":218517,"minecraft:climb_one_cm":2161,"minecraft:sprint_one_cm":269269,"minecraft:walk_one_cm":627340,"minecraft:damage_blocked_by_shield":285,"minecraft:drop":23,"minecraft:play_time":218517,"minecraft:sneak_time":11627,"minecraft:walk_under_water_one_cm":24060,"minecraft:jump":4482,"minecraft:walk_on_water_one_cm":31086,"minecraft:total_world_time":218517,"minecraft:interact_with_furnace":110,"minecraft:sleep_in_bed":8,"minecraft:time_since_rest":7961,"minecraft:damage_taken":2116,"minecraft:damage_dealt":5111,"minecraft:swim_one_cm":114909,"minecraft:fly_one_cm":816805,"minecraft:open_chest":54,"minecraft:crouch_one_cm":27737,"minecraft:fall_one_cm":134393,"minecraft:horse_one_cm":4473}},"DataVersion":3465}