{"stats":{"minecraft:mined":{"minecraft:deepslate_redstone_ore":3,"minecraft:white_bed":3,"minecraft:deepslate_diamond_ore":7,"minecraft:dark_oak_log":41,"minecraft:clay":153,"minecraft:crafting_table":8,"minecraft:torch":2,"minecraft:granite":4,"minecraft:budding_amethyst":1,"minecraft:calcite":6,"minecraft:diorite":8,"minecraft:wall_torch":8,"minecraft:amethyst_block":22,"minecraft:seagrass":1,"minecraft:redstone_ore":5,"minecraft:furnace":6,"minecraft:iron_ore":72,"minecraft:cobbled_deepslate":2,"minecraft:andesite":1,"minecraft:gold_block":1,"minecraft:grass":7,"minecraft:potatoes":1,"minecraft:coal_ore":85,"minecraft:deepslate_iron_ore":1,"minecraft:gravel":7,"minecraft:sand":283,"minecraft:smooth_basalt":3,"minecraft:stone":112,"minecraft:netherrack":18,"minecraft:deepslate":53},"minecraft:crafted":{"minecraft:cooked_beef":12,"minecraft:cooked_cod":2,"minecraft:stone_shovel":5,"minecraft:cooked_porkchop":4,"minecraft:cooked_chicken":2,"minecraft:iron_helmet":1,"minecraft:furnace":1,"minecraft:stone_axe":1,"minecraft:cooked_mutton":4,"minecraft:bread":2,"minecraft:air":0,"minecraft:iron_chestplate":1,"minecraft:shield":2,"minecraft:iron_axe":1,"minecraft:stick":48,"minecraft:iron_ingot":76,"minecraft:iron_pickaxe":2,"minecraft:stone_pickaxe":2,"minecraft:chest":2,"minecraft:dark_oak_planks":52,"minecraft:torch":48,"minecraft:stone_hoe":1,"minecraft:clay":135},"minecraft:killed":{"minecraft:pig":2,"minecraft:zombie_villager":1,"minecraft:spider":1,"minecraft:cod":2,"minecraft:sheep":5,"minecraft:skeleton":2,"minecraft:zombie":6,"minecraft:chicken":2,"minecraft:cow":10},"minecraft:broken":{"minecraft:stone_pickaxe":2,"minecraft:stone_axe":1,"minecraft:stone_shovel":3},"minecraft:dropped":{"minecraft:bread":1,"minecraft:clay":7,"minecraft:crafting_table":1,"minecraft:rotten_flesh":1,"minecraft:feather":4,"minecraft:iron_helmet":1,"minecraft:glow_berries":1,"minecraft:amethyst_block":22,"minecraft:tropical_fish":1,"minecraft:stick":4,"minecraft:shield":1,"minecraft:iron_chestplate":1,"minecraft:andesite":1,"minecraft:bone_meal":1,"minecraft:arrow":8,"minecraft:iron_pickaxe":1,"minecraft:bucket":1},"minecraft:picked_up":{"minecraft:crafting_table":7,"minecraft:feather":4,"minecraft:chicken":2,"minecraft:clay_ball":540,"minecraft:andesite":1,"minecraft:leather":14,"minecraft:potato":1,"minecraft:gold_block":1,"minecraft:amethyst_block":22,"minecraft:cooked_mutton":3,"minecraft:bone":2,"minecraft:wheat_seeds":4,"minecraft:cobbled_deepslate":79,"minecraft:beef":29,"minecraft:calcite":6,"minecraft:furnace":6,"minecraft:raw_iron":110,"minecraft:dark_oak_slab":12,"minecraft:smooth_basalt":3,"minecraft:torch":10,"minecraft:gravel":6,"minecraft:sand":283,"minecraft:porkchop":4,"minecraft:diorite":3,"minecraft:white_bed":5,"minecraft:redstone":36,"minecraft:dark_oak_log":47,"minecraft:spider_eye":1,"minecraft:clay":7,"minecraft:arrow":8,"minecraft:rotten_flesh":5,"minecraft:diamond":7,"minecraft:tropical_fish":2,"minecraft:granite":1,"minecraft:bone_meal":1,"minecraft:gray_wool":1,"minecraft:cod":2,"minecraft:glow_berries":4,"minecraft:mutton":8,"minecraft:coal":93,"minecraft:white_wool":6,"minecraft:cobblestone":110},"minecraft:custom":{"minecraft:interact_with_furnace":57,"minecraft:mob_kills":31,"minecraft:animals_bred":2,"minecraft:interact_with_crafting_table":23,"minecraft:leave_game":3,"minecraft:time_since_death":134517,"minecraft:sleep_in_bed":4,"minecraft:climb_one_cm":2161,"minecraft:time_since_rest":19228,"minecraft:sprint_one_cm":162683,"minecraft:damage_taken":1224,"minecraft:walk_one_cm":344071,"minecraft:damage_blocked_by_shield":170,"minecraft:drop":20,"minecraft:damage_dealt":3786,"minecraft:swim_one_cm":88589,"minecraft:fly_one_cm":525523,"minecraft:open_chest":26,"minecraft:crouch_one_cm":11487,"minecraft:play_time":134517,"minecraft:sneak_time":4324,"minecraft:walk_under_water_one_cm":20495,"minecraft:jump":2971,"minecraft:walk_on_water_one_cm":26905,"minecraft:total_world_time":134517,"minecraft:fall_one_cm":87239},"minecraft:used":{"minecraft:cooked_mutton":7,"minecraft:diorite":1,"minecraft:tropical_fish":1,"minecraft:stone_shovel":420,"minecraft:stone_pickaxe":262,"minecraft:chest":2,"minecraft:shield":5,"minecraft:cooked_chicken":2,"minecraft:torch":44,"minecraft:glow_berries":3,"minecraft:sand":1,"minecraft:crafting_table":6,"minecraft:white_bed":5,"minecraft:iron_axe":9,"minecraft:bread":1,"minecraft:iron_pickaxe":153,"minecraft:stone_axe":89,"minecraft:cobblestone":2,"minecraft:furnace":7,"minecraft:cooked_cod":2,"minecraft:cooked_beef":10,"minecraft:cobbled_deepslate":23}},"DataVersion":3465}