{"stats":{"minecraft:crafted":{"minecraft:oak_planks":4,"minecraft:stone_shovel":18,"minecraft:cooked_chicken":2,"minecraft:furnace":3,"minecraft:spruce_fence":96,"minecraft:cooked_mutton":4,"minecraft:hopper":10,"minecraft:glass":720,"minecraft:iron_axe":3,"minecraft:stone_pickaxe":3,"minecraft:chest":12,"minecraft:dark_oak_planks":188,"minecraft:stone_hoe":12,"minecraft:wheat":90,"minecraft:cooked_beef":23,"minecraft:cooked_cod":2,"minecraft:emerald":38,"minecraft:cooked_porkchop":4,"minecraft:dark_oak_stairs":40,"minecraft:crafting_table":1,"minecraft:spruce_planks":1364,"minecraft:iron_helmet":1,"minecraft:fletching_table":2,"minecraft:stone_axe":11,"minecraft:bread":12,"minecraft:air":0,"minecraft:dark_oak_slab":96,"minecraft:iron_chestplate":1,"minecraft:shield":2,"minecraft:stick":1476,"minecraft:iron_ingot":129,"minecraft:iron_pickaxe":2,"minecraft:white_bed":13,"minecraft:spruce_fence_gate":2,"minecraft:torch":48,"minecraft:clay":135},"minecraft:mined":{"minecraft:dark_oak_planks":2,"minecraft:spruce_planks":2,"minecraft:white_bed":21,"minecraft:farmland":2,"minecraft:deepslate_diamond_ore":7,"minecraft:dark_oak_log":41,"minecraft:granite":4,"minecraft:budding_amethyst":1,"minecraft:grass_block":60,"minecraft:spruce_fence":2,"minecraft:polished_diorite":5,"minecraft:spruce_leaves":8,"minecraft:hay_block":10,"minecraft:redstone_ore":5,"minecraft:oak_trapdoor":3,"minecraft:furnace":6,"minecraft:carrots":9,"minecraft:iron_ore":91,"minecraft:cobbled_deepslate":2,"minecraft:andesite":5,"minecraft:fletching_table":8,"minecraft:gold_block":1,"minecraft:dark_oak_stairs":7,"minecraft:potatoes":4,"minecraft:deepslate_iron_ore":8,"minecraft:dirt_path":3,"minecraft:stone":134,"minecraft:podzol":22,"minecraft:deepslate_redstone_ore":3,"minecraft:clay":153,"minecraft:crafting_table":11,"minecraft:torch":7,"minecraft:calcite":6,"minecraft:tall_grass":14,"minecraft:diorite":10,"minecraft:wall_torch":13,"minecraft:amethyst_block":22,"minecraft:seagrass":1,"minecraft:spruce_stairs":2,"minecraft:dark_oak_slab":33,"minecraft:wheat":12,"minecraft:spruce_log":1736,"minecraft:grass":86,"minecraft:oak_log":9,"minecraft:coal_ore":252,"minecraft:gravel":11,"minecraft:sand":913,"minecraft:dirt":52,"minecraft:smooth_basalt":3,"minecraft:acacia_planks":1,"minecraft:netherrack":18,"minecraft:deepslate":59},"minecraft:broken":{"minecraft:iron_shovel":1,"minecraft:stone_hoe":4,"minecraft:stone_pickaxe":3,"minecraft:iron_axe":3,"minecraft:stone_axe":5,"minecraft:iron_pickaxe":1,"minecraft:stone_shovel":8},"minecraft:custom":{"minecraft:mob_kills":37,"minecraft:animals_bred":7,"minecraft:interact_with_crafting_table":45,"minecraft:leave_game":5,"minecraft:time_since_death":345889,"minecraft:climb_one_cm":2161,"minecraft:sprint_one_cm":375610,"minecraft:damage_blocked_by_shield":360,"minecraft:walk_one_cm":1094080,"minecraft:drop":44,"minecraft:talked_to_villager":28,"minecraft:play_time":345889,"minecraft:sneak_time":30374,"minecraft:walk_under_water_one_cm":24060,"minecraft:jump":6504,"minecraft:walk_on_water_one_cm":31196,"minecraft:total_world_time":345889,"minecraft:interact_with_furnace":122,"minecraft:traded_with_villager":58,"minecraft:sleep_in_bed":18,"minecraft:time_since_rest":5142,"minecraft:damage_taken":2494,"minecraft:damage_dealt":5260,"minecraft:swim_one_cm":114909,"minecraft:fly_one_cm":1172252,"minecraft:open_chest":98,"minecraft:crouch_one_cm":68704,"minecraft:fall_one_cm":180499,"minecraft:horse_one_cm":4473},"minecraft:killed":{"minecraft:spider":1,"minecraft:cod":2,"minecraft:skeleton":4,"minecraft:chicken":2,"minecraft:pig":2,"minecraft:zombie_villager":1,"minecraft:sheep":5,"minecraft:zombie":10,"minecraft:cow":10},"minecraft:dropped":{"minecraft:bread":6,"minecraft:clay":7,"minecraft:crafting_table":1,"minecraft:feather":4,"minecraft:iron_helmet":1,"minecraft:glow_berries":1,"minecraft:amethyst_block":22,"minecraft:tropical_fish":1,"minecraft:spruce_stairs":2,"minecraft:stick":4,"minecraft:dirt":12,"minecraft:bone_meal":1,"minecraft:iron_pickaxe":1,"minecraft:dark_oak_planks":1,"minecraft:bucket":1,"minecraft:acacia_planks":1,"minecraft:polished_diorite":5,"minecraft:stone_axe":10,"minecraft:stone_shovel":2,"minecraft:rotten_flesh":1,"minecraft:oak_planks":4,"minecraft:shield":1,"minecraft:spruce_planks":2,"minecraft:iron_chestplate":1,"minecraft:andesite":4,"minecraft:hopper":10,"minecraft:beef":11,"minecraft:arrow":8},"minecraft:used":{"minecraft:oak_trapdoor":13,"minecraft:iron_shovel":248,"minecraft:tropical_fish":1,"minecraft:stone_shovel":1068,"minecraft:chest":2,"minecraft:spruce_planks":2,"minecraft:shield":9,"minecraft:cooked_chicken":2,"minecraft:stone_hoe":617,"minecraft:torch":70,"minecraft:dirt":36,"minecraft:carrot":29,"minecraft:granite":1,"minecraft:spruce_fence":53,"minecraft:dark_oak_planks":14,"minecraft:iron_axe":723,"minecraft:dark_oak_slab":68,"minecraft:furnace":9,"minecraft:cooked_cod":2,"minecraft:cooked_beef":16,"minecraft:potato":7,"minecraft:cobbled_deepslate":26,"minecraft:cooked_mutton":7,"minecraft:water_bucket":17,"minecraft:dark_oak_stairs":18,"minecraft:diorite":2,"minecraft:stone_pickaxe":393,"minecraft:diamond_axe":518,"minecraft:spruce_fence_gate":2,"minecraft:fletching_table":10,"minecraft:glow_berries":3,"minecraft:sand":2,"minecraft:crafting_table":9,"minecraft:blast_furnace":1,"minecraft:white_bed":36,"minecraft:spruce_log":2,"minecraft:oak_log":8,"minecraft:bread":17,"minecraft:iron_pickaxe":259,"minecraft:spruce_sapling":140,"minecraft:stone_axe":701,"minecraft:cobblestone":2,"minecraft:cooked_porkchop":4,"minecraft:andesite":1,"minecraft:bucket":18},"minecraft:picked_up":{"minecraft:crafting_table":10,"minecraft:wheat":12,"minecraft:chicken":2,"minecraft:clay_ball":540,"minecraft:lead":2,"minecraft:gold_block":1,"minecraft:amethyst_block":22,"minecraft:oak_trapdoor":17,"minecraft:raw_copper":6,"minecraft:iron_shovel":1,"minecraft:cobbled_deepslate":85,"minecraft:spruce_planks":4,"minecraft:beef":29,"minecraft:calcite":6,"minecraft:furnace":6,"minecraft:stick":92,"minecraft:raw_iron":136,"minecraft:torch":23,"minecraft:spruce_stairs":2,"minecraft:spruce_fence":2,"minecraft:porkchop":4,"minecraft:diorite":5,"minecraft:carrot":29,"minecraft:redstone":36,"minecraft:dark_oak_planks":2,"minecraft:rotten_flesh":8,"minecraft:arrow":11,"minecraft:stone_shovel":1,"minecraft:tropical_fish":2,"minecraft:shears":1,"minecraft:hay_block":10,"minecraft:glow_berries":4,"minecraft:mutton":8,"minecraft:cod":2,"minecraft:white_wool":54,"minecraft:cobblestone":132,"minecraft:feather":4,"minecraft:andesite":5,"minecraft:leather":14,"minecraft:potato":8,"minecraft:oak_log":9,"minecraft:dirt":166,"minecraft:cooked_mutton":3,"minecraft:bone":3,"minecraft:acacia_planks":1,"minecraft:bow":1,"minecraft:wheat_seeds":41,"minecraft:fletching_table":8,"minecraft:dark_oak_stairs":6,"minecraft:acacia_sapling":1,"minecraft:smooth_basalt":3,"minecraft:dark_oak_slab":47,"minecraft:gravel":17,"minecraft:sand":911,"minecraft:spruce_sapling":154,"minecraft:blast_furnace":1,"minecraft:white_bed":23,"minecraft:spruce_log":1732,"minecraft:dark_oak_log":47,"minecraft:spider_eye":1,"minecraft:clay":7,"minecraft:polished_diorite":5,"minecraft:diamond":7,"minecraft:stone_axe":9,"minecraft:granite":1,"minecraft:bone_meal":1,"minecraft:gray_wool":1,"minecraft:emerald":7,"minecraft:coal":260}},"DataVersion":3465}