{"stats":{"minecraft:mined":{"minecraft:deepslate_redstone_ore":3,"minecraft:white_bed":2,"minecraft:deepslate_diamond_ore":7,"minecraft:dark_oak_log":41,"minecraft:clay":153,"minecraft:crafting_table":8,"minecraft:torch":2,"minecraft:granite":3,"minecraft:budding_amethyst":1,"minecraft:calcite":6,"minecraft:diorite":8,"minecraft:wall_torch":8,"minecraft:amethyst_block":22,"minecraft:seagrass":1,"minecraft:redstone_ore":5,"minecraft:furnace":6,"minecraft:iron_ore":60,"minecraft:cobbled_deepslate":2,"minecraft:andesite":1,"minecraft:gold_block":1,"minecraft:grass":1,"minecraft:coal_ore":63,"minecraft:deepslate_iron_ore":1,"minecraft:gravel":1,"minecraft:smooth_basalt":3,"minecraft:stone":110,"minecraft:netherrack":18,"minecraft:deepslate":53},"minecraft:crafted":{"minecraft:cooked_beef":12,"minecraft:cooked_cod":2,"minecraft:stone_shovel":1,"minecraft:cooked_porkchop":4,"minecraft:cooked_chicken":2,"minecraft:iron_helmet":1,"minecraft:stone_axe":1,"minecraft:cooked_mutton":4,"minecraft:bread":2,"minecraft:air":0,"minecraft:iron_chestplate":1,"minecraft:shield":2,"minecraft:iron_axe":1,"minecraft:stick":48,"minecraft:iron_ingot":25,"minecraft:iron_pickaxe":2,"minecraft:stone_pickaxe":2,"minecraft:dark_oak_planks":36,"minecraft:torch":48,"minecraft:clay":135},"minecraft:killed":{"minecraft:pig":2,"minecraft:zombie_villager":1,"minecraft:cod":2,"minecraft:sheep":5,"minecraft:skeleton":2,"minecraft:zombie":5,"minecraft:chicken":2,"minecraft:cow":10},"minecraft:broken":{"minecraft:stone_pickaxe":2,"minecraft:stone_axe":1,"minecraft:stone_shovel":1},"minecraft:dropped":{"minecraft:bread":1,"minecraft:clay":7,"minecraft:crafting_table":1,"minecraft:rotten_flesh":1,"minecraft:feather":4,"minecraft:iron_helmet":1,"minecraft:glow_berries":1,"minecraft:amethyst_block":22,"minecraft:tropical_fish":1,"minecraft:stick":4,"minecraft:shield":1,"minecraft:iron_chestplate":1,"minecraft:andesite":1,"minecraft:bone_meal":1,"minecraft:arrow":8,"minecraft:iron_pickaxe":1,"minecraft:bucket":1},"minecraft:picked_up":{"minecraft:crafting_table":7,"minecraft:feather":4,"minecraft:chicken":2,"minecraft:clay_ball":540,"minecraft:andesite":1,"minecraft:leather":14,"minecraft:gold_block":1,"minecraft:amethyst_block":22,"minecraft:cooked_mutton":3,"minecraft:bone":2,"minecraft:wheat_seeds":4,"minecraft:cobbled_deepslate":79,"minecraft:beef":29,"minecraft:calcite":6,"minecraft:furnace":6,"minecraft:raw_iron":98,"minecraft:dark_oak_slab":12,"minecraft:smooth_basalt":3,"minecraft:torch":8,"minecraft:porkchop":4,"minecraft:diorite":2,"minecraft:white_bed":4,"minecraft:redstone":36,"minecraft:dark_oak_log":47,"minecraft:spider_eye":1,"minecraft:clay":7,"minecraft:arrow":8,"minecraft:rotten_flesh":4,"minecraft:diamond":7,"minecraft:tropical_fish":2,"minecraft:bone_meal":1,"minecraft:gray_wool":1,"minecraft:cod":2,"minecraft:glow_berries":4,"minecraft:mutton":8,"minecraft:coal":71,"minecraft:white_wool":6,"minecraft:cobblestone":99},"minecraft:custom":{"minecraft:interact_with_furnace":37,"minecraft:mob_kills":29,"minecraft:animals_bred":2,"minecraft:interact_with_crafting_table":15,"minecraft:leave_game":3,"minecraft:time_since_death":110517,"minecraft:sleep_in_bed":3,"minecraft:climb_one_cm":2161,"minecraft:time_since_rest":8887,"minecraft:sprint_one_cm":127493,"minecraft:damage_taken":958,"minecraft:walk_one_cm":282591,"minecraft:damage_blocked_by_shield":85,"minecraft:drop":20,"minecraft:damage_dealt":3402,"minecraft:swim_one_cm":80353,"minecraft:fly_one_cm":393034,"minecraft:open_chest":8,"minecraft:crouch_one_cm":9146,"minecraft:play_time":110517,"minecraft:sneak_time":3032,"minecraft:walk_under_water_one_cm":17146,"minecraft:jump":2347,"minecraft:walk_on_water_one_cm":21073,"minecraft:total_world_time":110517,"minecraft:fall_one_cm":66644},"minecraft:used":{"minecraft:cooked_mutton":5,"minecraft:diorite":1,"minecraft:tropical_fish":1,"minecraft:stone_shovel":131,"minecraft:stone_pickaxe":262,"minecraft:shield":3,"minecraft:cooked_chicken":2,"minecraft:torch":34,"minecraft:glow_berries":3,"minecraft:crafting_table":5,"minecraft:white_bed":3,"minecraft:iron_axe":2,"minecraft:bread":1,"minecraft:iron_pickaxe":116,"minecraft:stone_axe":89,"minecraft:cobblestone":2,"minecraft:furnace":5,"minecraft:cooked_cod":2,"minecraft:cooked_beef":8,"minecraft:cobbled_deepslate":23}},"DataVersion":3465}