{"stats":{"minecraft:mined":{"minecraft:furnace":1,"minecraft:dark_oak_log":11,"minecraft:clay":17,"minecraft:crafting_table":3,"minecraft:granite":2,"minecraft:budding_amethyst":1,"minecraft:calcite":6,"minecraft:coal_ore":10,"minecraft:smooth_basalt":3,"minecraft:stone":64,"minecraft:diorite":6,"minecraft:deepslate":18,"minecraft:wall_torch":2,"minecraft:amethyst_block":22},"minecraft:crafted":{"minecraft:stick":28,"minecraft:stone_pickaxe":2,"minecraft:dark_oak_planks":36,"minecraft:torch":48,"minecraft:stone_axe":1},"minecraft:broken":{"minecraft:stone_pickaxe":1},"minecraft:picked_up":{"minecraft:crafting_table":2,"minecraft:smooth_basalt":3,"minecraft:clay_ball":48,"minecraft:torch":2,"minecraft:amethyst_block":22,"minecraft:dark_oak_log":17,"minecraft:cooked_mutton":3,"minecraft:cobbled_deepslate":16,"minecraft:calcite":6,"minecraft:mutton":1,"minecraft:coal":10,"minecraft:cobblestone":54,"minecraft:furnace":1},"minecraft:used":{"minecraft:cooked_mutton":2,"minecraft:stone_pickaxe":133,"minecraft:torch":2,"minecraft:stone_axe":12,"minecraft:cobblestone":2,"minecraft:crafting_table":2},"minecraft:custom":{"minecraft:time_since_rest":14517,"minecraft:interact_with_furnace":8,"minecraft:sprint_one_cm":8187,"minecraft:damage_taken":50,"minecraft:walk_one_cm":37329,"minecraft:damage_dealt":53,"minecraft:swim_one_cm":7776,"minecraft:interact_with_crafting_table":3,"minecraft:fly_one_cm":10649,"minecraft:crouch_one_cm":1494,"minecraft:play_time":14517,"minecraft:sneak_time":614,"minecraft:walk_under_water_one_cm":201,"minecraft:jump":173,"minecraft:time_since_death":14517,"minecraft:leave_game":3,"minecraft:walk_on_water_one_cm":257,"minecraft:total_world_time":14517,"minecraft:fall_one_cm":4062}},"DataVersion":3465}