{"stats":{"minecraft:picked_up":{"minecraft:iron_chestplate":4,"minecraft:crafting_table":2,"minecraft:andesite":19,"minecraft:wooden_pickaxe":7,"minecraft:oak_log":3,"minecraft:yellow_bed":9,"minecraft:dirt":23,"minecraft:string":16,"minecraft:iron_leggings":4,"minecraft:bone":6,"minecraft:apple":14,"minecraft:wheat_seeds":10,"minecraft:cobbled_deepslate":37,"minecraft:raw_gold":1,"minecraft:stone_pickaxe":13,"minecraft:oak_planks":115,"minecraft:stick":1,"minecraft:raw_iron":205,"minecraft:torch":75,"minecraft:dandelion":1,"minecraft:diorite":3,"minecraft:spider_eye":4,"minecraft:stone_sword":3,"minecraft:arrow":6,"minecraft:rotten_flesh":12,"minecraft:diamond":2,"minecraft:granite":16,"minecraft:bread":137,"minecraft:saddle":1,"minecraft:gold_ingot":4,"minecraft:oak_sapling":1,"minecraft:coal":181,"minecraft:rail":68,"minecraft:cobblestone":226},"minecraft:used":{"minecraft:diorite":1,"minecraft:stone_sword":31,"minecraft:stone_pickaxe":284,"minecraft:wooden_pickaxe":51,"minecraft:torch":26,"minecraft:dirt":14,"minecraft:crafting_table":3,"minecraft:granite":4,"minecraft:bread":14,"minecraft:iron_pickaxe":3,"minecraft:cobblestone":36,"minecraft:furnace":1,"minecraft:andesite":5,"minecraft:yellow_bed":5,"minecraft:cobbled_deepslate":7},"minecraft:broken":{"minecraft:stone_pickaxe":2},"minecraft:dropped":{"minecraft:bread":32,"minecraft:wheat_seeds":10,"minecraft:crafting_table":1,"minecraft:raw_iron":31,"minecraft:cobblestone":64,"minecraft:glow_berries":3,"minecraft:saddle":1,"minecraft:rail":61,"minecraft:coal":61,"minecraft:golden_apple":1,"minecraft:oak_sapling":1,"minecraft:stone_pickaxe":1,"minecraft:dandelion":1,"minecraft:gold_ingot":4},"minecraft:killed_by":{"minecraft:skeleton":2},"minecraft:crafted":{"minecraft:oak_planks":12,"minecraft:crafting_table":3,"minecraft:iron_helmet":1,"minecraft:wooden_pickaxe":1,"minecraft:furnace":1,"minecraft:bucket":1,"minecraft:air":0,"minecraft:iron_boots":1,"minecraft:stick":24,"minecraft:iron_ingot":15,"minecraft:iron_pickaxe":1,"minecraft:stone_pickaxe":1,"minecraft:stone_sword":1,"minecraft:torch":44},"minecraft:custom":{"minecraft:interact_with_furnace":6,"minecraft:mob_kills":7,"minecraft:interact_with_crafting_table":13,"minecraft:leave_game":2,"minecraft:time_since_death":9377,"minecraft:sleep_in_bed":3,"minecraft:time_since_rest":8988,"minecraft:sprint_one_cm":93610,"minecraft:damage_taken":1423,"minecraft:walk_one_cm":196225,"minecraft:drop":14,"minecraft:damage_dealt":1342,"minecraft:talked_to_villager":3,"minecraft:fly_one_cm":127500,"minecraft:open_chest":4,"minecraft:crouch_one_cm":19374,"minecraft:play_time":53522,"minecraft:deaths":3,"minecraft:sneak_time":5628,"minecraft:jump":960,"minecraft:walk_on_water_one_cm":3896,"minecraft:total_world_time":53522,"minecraft:fall_one_cm":36838},"minecraft:mined":{"minecraft:deepslate_diamond_ore":2,"minecraft:crafting_table":2,"minecraft:torch":2,"minecraft:grass_block":5,"minecraft:cobblestone":1,"minecraft:deepslate_gold_ore":1,"minecraft:wall_torch":5,"minecraft:iron_ore":69,"minecraft:andesite":5,"minecraft:yellow_bed":6,"minecraft:grass":3,"minecraft:coal_ore":62,"minecraft:oak_log":3,"minecraft:deepslate_iron_ore":11,"minecraft:rail":50,"minecraft:dirt":11,"minecraft:cobweb":1,"minecraft:stone":101,"minecraft:deepslate":29},"minecraft:killed":{"minecraft:spider":2,"minecraft:skeleton":1,"minecraft:zombie":4}},"DataVersion":3465}