{"stats":{"minecraft:picked_up":{"minecraft:crafting_table":1,"minecraft:raw_iron":72,"minecraft:iron_chestplate":1,"minecraft:andesite":4,"minecraft:torch":2,"minecraft:dandelion":1,"minecraft:wooden_pickaxe":1,"minecraft:oak_log":3,"minecraft:spider_eye":1,"minecraft:yellow_bed":4,"minecraft:string":3,"minecraft:dirt":10,"minecraft:iron_leggings":1,"minecraft:rotten_flesh":3,"minecraft:apple":2,"minecraft:wheat_seeds":10,"minecraft:cobbled_deepslate":2,"minecraft:granite":4,"minecraft:stone_pickaxe":4,"minecraft:gold_ingot":4,"minecraft:saddle":1,"minecraft:bread":62,"minecraft:oak_sapling":1,"minecraft:oak_planks":33,"minecraft:coal":63,"minecraft:rail":50,"minecraft:cobblestone":96},"minecraft:used":{"minecraft:stone_sword":14,"minecraft:bread":4,"minecraft:stone_pickaxe":180,"minecraft:wooden_pickaxe":51,"minecraft:torch":9,"minecraft:dirt":10,"minecraft:crafting_table":1,"minecraft:yellow_bed":3},"minecraft:broken":{"minecraft:stone_pickaxe":1},"minecraft:dropped":{"minecraft:bread":32,"minecraft:wheat_seeds":10,"minecraft:crafting_table":1,"minecraft:oak_sapling":1,"minecraft:raw_iron":31,"minecraft:glow_berries":3,"minecraft:cobblestone":64,"minecraft:stone_pickaxe":1,"minecraft:saddle":1,"minecraft:rail":61,"minecraft:coal":61,"minecraft:golden_apple":1,"minecraft:dandelion":1,"minecraft:gold_ingot":4},"minecraft:crafted":{"minecraft:oak_planks":12,"minecraft:crafting_table":2,"minecraft:stick":8,"minecraft:wooden_pickaxe":1,"minecraft:stone_pickaxe":1,"minecraft:stone_sword":1,"minecraft:torch":8},"minecraft:custom":{"minecraft:time_since_rest":23684,"minecraft:sprint_one_cm":47318,"minecraft:damage_taken":252,"minecraft:walk_one_cm":108338,"minecraft:mob_kills":3,"minecraft:drop":14,"minecraft:damage_dealt":531,"minecraft:interact_with_crafting_table":7,"minecraft:talked_to_villager":3,"minecraft:fly_one_cm":41084,"minecraft:open_chest":4,"minecraft:crouch_one_cm":12440,"minecraft:play_time":29522,"minecraft:sneak_time":3618,"minecraft:jump":336,"minecraft:walk_on_water_one_cm":2301,"minecraft:leave_game":2,"minecraft:time_since_death":29522,"minecraft:sleep_in_bed":1,"minecraft:total_world_time":29522,"minecraft:fall_one_cm":6685},"minecraft:mined":{"minecraft:iron_ore":67,"minecraft:andesite":4,"minecraft:torch":1,"minecraft:yellow_bed":4,"minecraft:crafting_table":1,"minecraft:grass":1,"minecraft:oak_log":3,"minecraft:coal_ore":28,"minecraft:deepslate_iron_ore":5,"minecraft:rail":50,"minecraft:dirt":10,"minecraft:cobweb":1,"minecraft:stone":73,"minecraft:deepslate":2,"minecraft:wall_torch":1},"minecraft:killed":{"minecraft:zombie":2,"minecraft:spider":1}},"DataVersion":3465}