{"stats":{"minecraft:mined":{"minecraft:deepslate_redstone_ore":3,"minecraft:deepslate_diamond_ore":7,"minecraft:dark_oak_log":41,"minecraft:clay":153,"minecraft:crafting_table":7,"minecraft:torch":2,"minecraft:granite":3,"minecraft:budding_amethyst":1,"minecraft:calcite":6,"minecraft:diorite":8,"minecraft:wall_torch":8,"minecraft:amethyst_block":22,"minecraft:redstone_ore":5,"minecraft:furnace":5,"minecraft:iron_ore":60,"minecraft:andesite":1,"minecraft:grass":1,"minecraft:coal_ore":63,"minecraft:deepslate_iron_ore":1,"minecraft:gravel":1,"minecraft:smooth_basalt":3,"minecraft:stone":110,"minecraft:deepslate":53},"minecraft:crafted":{"minecraft:cooked_beef":8,"minecraft:stone_shovel":1,"minecraft:iron_helmet":1,"minecraft:stone_axe":1,"minecraft:cooked_mutton":1,"minecraft:bread":2,"minecraft:air":0,"minecraft:iron_chestplate":1,"minecraft:shield":2,"minecraft:stick":28,"minecraft:iron_ingot":25,"minecraft:iron_pickaxe":2,"minecraft:stone_pickaxe":2,"minecraft:dark_oak_planks":36,"minecraft:torch":48,"minecraft:clay":135},"minecraft:killed":{"minecraft:pig":2,"minecraft:zombie_villager":1,"minecraft:cod":2,"minecraft:sheep":5,"minecraft:skeleton":2,"minecraft:zombie":5,"minecraft:chicken":2,"minecraft:cow":10},"minecraft:broken":{"minecraft:stone_pickaxe":2,"minecraft:stone_axe":1,"minecraft:stone_shovel":1},"minecraft:dropped":{"minecraft:bread":1,"minecraft:clay":7,"minecraft:crafting_table":1,"minecraft:rotten_flesh":1,"minecraft:feather":4,"minecraft:iron_helmet":1,"minecraft:glow_berries":1,"minecraft:tropical_fish":1,"minecraft:stick":4,"minecraft:shield":1,"minecraft:iron_chestplate":1,"minecraft:andesite":1,"minecraft:bone_meal":1,"minecraft:arrow":4,"minecraft:iron_pickaxe":1,"minecraft:bucket":1},"minecraft:picked_up":{"minecraft:crafting_table":6,"minecraft:feather":4,"minecraft:chicken":2,"minecraft:clay_ball":540,"minecraft:andesite":1,"minecraft:leather":14,"minecraft:amethyst_block":22,"minecraft:cooked_mutton":3,"minecraft:bone":2,"minecraft:cobbled_deepslate":77,"minecraft:beef":29,"minecraft:calcite":6,"minecraft:furnace":5,"minecraft:raw_iron":98,"minecraft:dark_oak_slab":12,"minecraft:smooth_basalt":3,"minecraft:torch":8,"minecraft:porkchop":4,"minecraft:diorite":2,"minecraft:white_bed":2,"minecraft:redstone":36,"minecraft:dark_oak_log":47,"minecraft:spider_eye":1,"minecraft:clay":7,"minecraft:arrow":8,"minecraft:rotten_flesh":4,"minecraft:diamond":7,"minecraft:tropical_fish":2,"minecraft:bone_meal":1,"minecraft:gray_wool":1,"minecraft:cod":2,"minecraft:glow_berries":4,"minecraft:mutton":8,"minecraft:coal":71,"minecraft:white_wool":6,"minecraft:cobblestone":99},"minecraft:custom":{"minecraft:interact_with_furnace":32,"minecraft:mob_kills":29,"minecraft:interact_with_crafting_table":12,"minecraft:leave_game":3,"minecraft:time_since_death":62517,"minecraft:sleep_in_bed":1,"minecraft:climb_one_cm":1420,"minecraft:time_since_rest":10592,"minecraft:sprint_one_cm":38331,"minecraft:damage_taken":610,"minecraft:walk_one_cm":227033,"minecraft:damage_blocked_by_shield":85,"minecraft:drop":18,"minecraft:damage_dealt":3392,"minecraft:swim_one_cm":40100,"minecraft:fly_one_cm":66658,"minecraft:open_chest":3,"minecraft:crouch_one_cm":6547,"minecraft:play_time":62517,"minecraft:sneak_time":2126,"minecraft:walk_under_water_one_cm":9934,"minecraft:jump":1082,"minecraft:walk_on_water_one_cm":14671,"minecraft:total_world_time":62517,"minecraft:fall_one_cm":19733},"minecraft:used":{"minecraft:cooked_mutton":4,"minecraft:diorite":1,"minecraft:tropical_fish":1,"minecraft:stone_shovel":131,"minecraft:stone_pickaxe":262,"minecraft:shield":3,"minecraft:torch":34,"minecraft:glow_berries":3,"minecraft:crafting_table":4,"minecraft:white_bed":1,"minecraft:bread":1,"minecraft:iron_pickaxe":93,"minecraft:stone_axe":89,"minecraft:cobblestone":2,"minecraft:furnace":4,"minecraft:cooked_beef":4}},"DataVersion":3465}