{"stats":{"minecraft:mined":{"minecraft:furnace":2,"minecraft:deepslate_diamond_ore":7,"minecraft:iron_ore":8,"minecraft:dark_oak_log":11,"minecraft:torch":2,"minecraft:clay":153,"minecraft:crafting_table":5,"minecraft:granite":2,"minecraft:budding_amethyst":1,"minecraft:calcite":6,"minecraft:coal_ore":10,"minecraft:smooth_basalt":3,"minecraft:stone":70,"minecraft:diorite":7,"minecraft:deepslate":53,"minecraft:wall_torch":8,"minecraft:amethyst_block":22},"minecraft:crafted":{"minecraft:stone_shovel":1,"minecraft:stick":28,"minecraft:iron_ingot":3,"minecraft:iron_pickaxe":1,"minecraft:stone_pickaxe":2,"minecraft:dark_oak_planks":36,"minecraft:torch":48,"minecraft:stone_axe":1,"minecraft:air":0},"minecraft:killed":{"minecraft:skeleton":2,"minecraft:zombie":3,"minecraft:zombie_villager":1},"minecraft:broken":{"minecraft:stone_pickaxe":1,"minecraft:stone_shovel":1},"minecraft:picked_up":{"minecraft:raw_iron":8,"minecraft:crafting_table":4,"minecraft:smooth_basalt":3,"minecraft:clay_ball":540,"minecraft:torch":8,"minecraft:diorite":2,"minecraft:spider_eye":1,"minecraft:amethyst_block":22,"minecraft:dark_oak_log":17,"minecraft:cooked_mutton":3,"minecraft:bone":1,"minecraft:arrow":4,"minecraft:rotten_flesh":3,"minecraft:diamond":7,"minecraft:tropical_fish":2,"minecraft:cobbled_deepslate":50,"minecraft:bone_meal":1,"minecraft:calcite":6,"minecraft:glow_berries":2,"minecraft:mutton":1,"minecraft:coal":10,"minecraft:cobblestone":60,"minecraft:furnace":2},"minecraft:used":{"minecraft:cooked_mutton":3,"minecraft:diorite":1,"minecraft:tropical_fish":1,"minecraft:stone_shovel":131,"minecraft:stone_pickaxe":184,"minecraft:iron_pickaxe":10,"minecraft:torch":13,"minecraft:stone_axe":25,"minecraft:glow_berries":2,"minecraft:cobblestone":2,"minecraft:crafting_table":3,"minecraft:furnace":2},"minecraft:custom":{"minecraft:time_since_rest":26517,"minecraft:interact_with_furnace":11,"minecraft:sprint_one_cm":9405,"minecraft:damage_taken":195,"minecraft:walk_one_cm":76359,"minecraft:mob_kills":6,"minecraft:damage_dealt":984,"minecraft:swim_one_cm":9643,"minecraft:interact_with_crafting_table":4,"minecraft:fly_one_cm":12666,"minecraft:open_chest":1,"minecraft:crouch_one_cm":3853,"minecraft:play_time":26517,"minecraft:sneak_time":1160,"minecraft:walk_under_water_one_cm":2825,"minecraft:jump":360,"minecraft:time_since_death":26517,"minecraft:leave_game":3,"minecraft:walk_on_water_one_cm":5991,"minecraft:climb_one_cm":155,"minecraft:total_world_time":26517,"minecraft:fall_one_cm":4749}},"DataVersion":3465}