{"stats":{"minecraft:mined":{"minecraft:deepslate_diamond_ore":7,"minecraft:dark_oak_log":11,"minecraft:clay":153,"minecraft:crafting_table":6,"minecraft:torch":2,"minecraft:granite":3,"minecraft:budding_amethyst":1,"minecraft:calcite":6,"minecraft:diorite":8,"minecraft:wall_torch":8,"minecraft:amethyst_block":22,"minecraft:redstone_ore":1,"minecraft:furnace":3,"minecraft:iron_ore":46,"minecraft:coal_ore":37,"minecraft:deepslate_iron_ore":1,"minecraft:gravel":1,"minecraft:smooth_basalt":3,"minecraft:stone":81,"minecraft:deepslate":53},"minecraft:crafted":{"minecraft:stone_shovel":1,"minecraft:stone_axe":1,"minecraft:bread":2,"minecraft:air":0,"minecraft:shield":2,"minecraft:stick":28,"minecraft:iron_ingot":9,"minecraft:iron_pickaxe":2,"minecraft:stone_pickaxe":2,"minecraft:dark_oak_planks":36,"minecraft:torch":48,"minecraft:clay":135},"minecraft:killed":{"minecraft:zombie_villager":1,"minecraft:skeleton":2,"minecraft:zombie":5},"minecraft:broken":{"minecraft:stone_pickaxe":2,"minecraft:stone_shovel":1},"minecraft:dropped":{"minecraft:crafting_table":1,"minecraft:shield":1,"minecraft:iron_pickaxe":1,"minecraft:bucket":1},"minecraft:picked_up":{"minecraft:crafting_table":5,"minecraft:clay_ball":540,"minecraft:amethyst_block":22,"minecraft:cooked_mutton":3,"minecraft:bone":1,"minecraft:cobbled_deepslate":50,"minecraft:calcite":6,"minecraft:furnace":3,"minecraft:raw_iron":47,"minecraft:smooth_basalt":3,"minecraft:torch":8,"minecraft:diorite":2,"minecraft:redstone":5,"minecraft:dark_oak_log":17,"minecraft:spider_eye":1,"minecraft:arrow":4,"minecraft:rotten_flesh":4,"minecraft:diamond":7,"minecraft:tropical_fish":2,"minecraft:bone_meal":1,"minecraft:glow_berries":3,"minecraft:mutton":1,"minecraft:coal":45,"minecraft:cobblestone":71},"minecraft:custom":{"minecraft:interact_with_furnace":15,"minecraft:mob_kills":8,"minecraft:interact_with_crafting_table":7,"minecraft:leave_game":3,"minecraft:time_since_death":38517,"minecraft:climb_one_cm":303,"minecraft:time_since_rest":38517,"minecraft:sprint_one_cm":13553,"minecraft:damage_taken":230,"minecraft:walk_one_cm":122603,"minecraft:drop":4,"minecraft:damage_dealt":1420,"minecraft:swim_one_cm":9643,"minecraft:fly_one_cm":15636,"minecraft:open_chest":3,"minecraft:crouch_one_cm":5012,"minecraft:play_time":38517,"minecraft:sneak_time":1543,"minecraft:walk_under_water_one_cm":2825,"minecraft:jump":562,"minecraft:walk_on_water_one_cm":5991,"minecraft:total_world_time":38517,"minecraft:fall_one_cm":7056},"minecraft:used":{"minecraft:cooked_mutton":3,"minecraft:diorite":1,"minecraft:tropical_fish":1,"minecraft:stone_shovel":131,"minecraft:stone_pickaxe":262,"minecraft:torch":26,"minecraft:glow_berries":3,"minecraft:crafting_table":3,"minecraft:bread":1,"minecraft:iron_pickaxe":14,"minecraft:stone_axe":33,"minecraft:cobblestone":2,"minecraft:furnace":3}},"DataVersion":3465}