{"stats":{"minecraft:picked_up":{"minecraft:raw_iron":15,"minecraft:stone_pickaxe":2,"minecraft:oak_log":3,"minecraft:rail":30,"minecraft:coal":28,"minecraft:dirt":10,"minecraft:cobblestone":52},"minecraft:used":{"minecraft:stone_pickaxe":79,"minecraft:wooden_pickaxe":51},"minecraft:crafted":{"minecraft:oak_planks":12,"minecraft:torch":8,"minecraft:crafting_table":1,"minecraft:stick":8,"minecraft:stone_pickaxe":1,"minecraft:wooden_pickaxe":1},"minecraft:custom":{"minecraft:time_since_rest":11684,"minecraft:open_chest":4,"minecraft:crouch_one_cm":8301,"minecraft:sprint_one_cm":13680,"minecraft:play_time":17522,"minecraft:damage_taken":20,"minecraft:walk_one_cm":45440,"minecraft:sneak_time":2220,"minecraft:jump":140,"minecraft:leave_game":2,"minecraft:time_since_death":17522,"minecraft:sleep_in_bed":1,"minecraft:total_world_time":17522,"minecraft:talked_to_villager":3,"minecraft:interact_with_crafting_table":6,"minecraft:fall_one_cm":2812,"minecraft:fly_one_cm":28782},"minecraft:mined":{"minecraft:grass":1,"minecraft:coal_ore":28,"minecraft:oak_log":3,"minecraft:rail":31,"minecraft:dirt":10,"minecraft:iron_ore":15,"minecraft:stone":55}},"DataVersion":3465}