{"stats":{"minecraft:picked_up":{"minecraft:iron_chestplate":2,"minecraft:crafting_table":1,"minecraft:andesite":9,"minecraft:wooden_pickaxe":3,"minecraft:oak_log":3,"minecraft:yellow_bed":6,"minecraft:dirt":19,"minecraft:string":8,"minecraft:iron_leggings":2,"minecraft:bone":2,"minecraft:apple":6,"minecraft:wheat_seeds":10,"minecraft:cobbled_deepslate":4,"minecraft:stone_pickaxe":7,"minecraft:oak_planks":63,"minecraft:stick":1,"minecraft:raw_iron":114,"minecraft:torch":5,"minecraft:dandelion":1,"minecraft:diorite":1,"minecraft:spider_eye":2,"minecraft:stone_sword":1,"minecraft:arrow":2,"minecraft:rotten_flesh":6,"minecraft:granite":8,"minecraft:bread":89,"minecraft:saddle":1,"minecraft:gold_ingot":4,"minecraft:oak_sapling":1,"minecraft:coal":131,"minecraft:rail":56,"minecraft:cobblestone":179},"minecraft:used":{"minecraft:stone_sword":27,"minecraft:stone_pickaxe":249,"minecraft:wooden_pickaxe":51,"minecraft:torch":14,"minecraft:dirt":14,"minecraft:crafting_table":1,"minecraft:bread":11,"minecraft:cobblestone":23,"minecraft:yellow_bed":4},"minecraft:broken":{"minecraft:stone_pickaxe":1},"minecraft:dropped":{"minecraft:bread":32,"minecraft:wheat_seeds":10,"minecraft:crafting_table":1,"minecraft:raw_iron":31,"minecraft:cobblestone":64,"minecraft:glow_berries":3,"minecraft:saddle":1,"minecraft:rail":61,"minecraft:coal":61,"minecraft:golden_apple":1,"minecraft:oak_sapling":1,"minecraft:stone_pickaxe":1,"minecraft:dandelion":1,"minecraft:gold_ingot":4},"minecraft:killed_by":{"minecraft:skeleton":1},"minecraft:crafted":{"minecraft:oak_planks":12,"minecraft:crafting_table":2,"minecraft:wooden_pickaxe":1,"minecraft:stick":16,"minecraft:stone_pickaxe":1,"minecraft:stone_sword":1,"minecraft:torch":44},"minecraft:custom":{"minecraft:mob_kills":6,"minecraft:interact_with_crafting_table":7,"minecraft:leave_game":2,"minecraft:time_since_death":5289,"minecraft:sleep_in_bed":2,"minecraft:time_since_rest":5326,"minecraft:sprint_one_cm":80718,"minecraft:damage_taken":899,"minecraft:walk_one_cm":152977,"minecraft:drop":14,"minecraft:damage_dealt":1111,"minecraft:talked_to_villager":3,"minecraft:fly_one_cm":87403,"minecraft:open_chest":4,"minecraft:crouch_one_cm":15932,"minecraft:play_time":41522,"minecraft:deaths":1,"minecraft:sneak_time":4736,"minecraft:jump":675,"minecraft:walk_on_water_one_cm":2382,"minecraft:total_world_time":41522,"minecraft:fall_one_cm":21899},"minecraft:mined":{"minecraft:crafting_table":1,"minecraft:torch":1,"minecraft:grass_block":5,"minecraft:wall_torch":4,"minecraft:iron_ore":69,"minecraft:andesite":5,"minecraft:yellow_bed":5,"minecraft:grass":1,"minecraft:coal_ore":62,"minecraft:oak_log":3,"minecraft:deepslate_iron_ore":5,"minecraft:rail":50,"minecraft:dirt":11,"minecraft:cobweb":1,"minecraft:stone":101,"minecraft:deepslate":2},"minecraft:killed":{"minecraft:spider":2,"minecraft:skeleton":1,"minecraft:zombie":3}},"DataVersion":3465}