{"stats":{"minecraft:mined":{"minecraft:deepslate_redstone_ore":3,"minecraft:white_bed":3,"minecraft:deepslate_diamond_ore":7,"minecraft:dark_oak_log":41,"minecraft:clay":153,"minecraft:crafting_table":9,"minecraft:torch":6,"minecraft:granite":4,"minecraft:budding_amethyst":1,"minecraft:grass_block":4,"minecraft:calcite":6,"minecraft:spruce_leaves":6,"minecraft:diorite":10,"minecraft:wall_torch":10,"minecraft:amethyst_block":22,"minecraft:seagrass":1,"minecraft:redstone_ore":5,"minecraft:furnace":6,"minecraft:iron_ore":91,"minecraft:cobbled_deepslate":2,"minecraft:spruce_log":446,"minecraft:andesite":5,"minecraft:gold_block":1,"minecraft:grass":11,"minecraft:potatoes":1,"minecraft:coal_ore":252,"minecraft:deepslate_iron_ore":8,"minecraft:gravel":11,"minecraft:sand":913,"minecraft:dirt":1,"minecraft:smooth_basalt":3,"minecraft:stone":134,"minecraft:netherrack":18,"minecraft:deepslate":59},"minecraft:crafted":{"minecraft:cooked_beef":12,"minecraft:cooked_cod":2,"minecraft:stone_shovel":8,"minecraft:cooked_porkchop":4,"minecraft:crafting_table":1,"minecraft:cooked_chicken":2,"minecraft:iron_helmet":1,"minecraft:furnace":3,"minecraft:stone_axe":1,"minecraft:cooked_mutton":4,"minecraft:bread":2,"minecraft:air":0,"minecraft:glass":283,"minecraft:iron_chestplate":1,"minecraft:shield":2,"minecraft:iron_axe":3,"minecraft:stick":48,"minecraft:iron_ingot":76,"minecraft:iron_pickaxe":2,"minecraft:stone_pickaxe":3,"minecraft:chest":2,"minecraft:dark_oak_planks":56,"minecraft:torch":48,"minecraft:stone_hoe":1,"minecraft:clay":135},"minecraft:killed":{"minecraft:pig":2,"minecraft:zombie_villager":1,"minecraft:spider":1,"minecraft:cod":2,"minecraft:sheep":5,"minecraft:skeleton":4,"minecraft:zombie":10,"minecraft:chicken":2,"minecraft:cow":10},"minecraft:broken":{"minecraft:stone_pickaxe":2,"minecraft:iron_axe":2,"minecraft:stone_axe":1,"minecraft:iron_pickaxe":1,"minecraft:stone_shovel":8},"minecraft:dropped":{"minecraft:bread":6,"minecraft:clay":7,"minecraft:crafting_table":1,"minecraft:rotten_flesh":1,"minecraft:feather":4,"minecraft:iron_helmet":1,"minecraft:glow_berries":1,"minecraft:amethyst_block":22,"minecraft:tropical_fish":1,"minecraft:stick":4,"minecraft:shield":1,"minecraft:iron_chestplate":1,"minecraft:andesite":1,"minecraft:bone_meal":1,"minecraft:arrow":8,"minecraft:beef":11,"minecraft:iron_pickaxe":1,"minecraft:bucket":1},"minecraft:picked_up":{"minecraft:crafting_table":8,"minecraft:feather":4,"minecraft:chicken":2,"minecraft:clay_ball":540,"minecraft:andesite":5,"minecraft:leather":14,"minecraft:potato":1,"minecraft:gold_block":1,"minecraft:amethyst_block":22,"minecraft:raw_copper":6,"minecraft:dirt":5,"minecraft:cooked_mutton":3,"minecraft:bone":3,"minecraft:bow":1,"minecraft:wheat_seeds":4,"minecraft:cobbled_deepslate":85,"minecraft:beef":29,"minecraft:calcite":6,"minecraft:furnace":6,"minecraft:stick":30,"minecraft:raw_iron":136,"minecraft:dark_oak_slab":12,"minecraft:smooth_basalt":3,"minecraft:torch":18,"minecraft:gravel":17,"minecraft:sand":911,"minecraft:porkchop":4,"minecraft:spruce_sapling":45,"minecraft:spruce_log":446,"minecraft:diorite":5,"minecraft:white_bed":5,"minecraft:redstone":36,"minecraft:dark_oak_log":47,"minecraft:spider_eye":1,"minecraft:clay":7,"minecraft:arrow":11,"minecraft:rotten_flesh":8,"minecraft:diamond":7,"minecraft:tropical_fish":2,"minecraft:granite":1,"minecraft:bone_meal":1,"minecraft:gray_wool":1,"minecraft:cod":2,"minecraft:glow_berries":4,"minecraft:mutton":8,"minecraft:coal":260,"minecraft:white_wool":6,"minecraft:cobblestone":132},"minecraft:custom":{"minecraft:interact_with_furnace":97,"minecraft:mob_kills":37,"minecraft:animals_bred":2,"minecraft:interact_with_crafting_table":30,"minecraft:leave_game":3,"minecraft:time_since_death":194517,"minecraft:sleep_in_bed":6,"minecraft:climb_one_cm":2161,"minecraft:time_since_rest":11179,"minecraft:sprint_one_cm":236116,"minecraft:damage_taken":1982,"minecraft:walk_one_cm":490601,"minecraft:damage_blocked_by_shield":285,"minecraft:drop":22,"minecraft:damage_dealt":5111,"minecraft:swim_one_cm":114909,"minecraft:fly_one_cm":726485,"minecraft:open_chest":44,"minecraft:crouch_one_cm":26296,"minecraft:play_time":194517,"minecraft:sneak_time":11141,"minecraft:walk_under_water_one_cm":23600,"minecraft:jump":4075,"minecraft:walk_on_water_one_cm":30287,"minecraft:total_world_time":194517,"minecraft:fall_one_cm":123916},"minecraft:used":{"minecraft:cooked_mutton":7,"minecraft:diorite":2,"minecraft:tropical_fish":1,"minecraft:stone_shovel":1047,"minecraft:stone_pickaxe":388,"minecraft:chest":2,"minecraft:shield":8,"minecraft:cooked_chicken":2,"minecraft:torch":65,"minecraft:glow_berries":3,"minecraft:sand":2,"minecraft:crafting_table":7,"minecraft:white_bed":5,"minecraft:granite":1,"minecraft:iron_axe":484,"minecraft:bread":7,"minecraft:iron_pickaxe":259,"minecraft:spruce_sapling":32,"minecraft:stone_axe":89,"minecraft:cobblestone":2,"minecraft:cooked_porkchop":4,"minecraft:furnace":9,"minecraft:cooked_cod":2,"minecraft:andesite":1,"minecraft:cooked_beef":12,"minecraft:cobbled_deepslate":26}},"DataVersion":3465}