{"stats":{"minecraft:crafted":{"minecraft:grindstone":1,"minecraft:oak_planks":4,"minecraft:cobblestone_slab":6,"minecraft:stone_shovel":18,"minecraft:cooked_chicken":2,"minecraft:furnace":3,"minecraft:stone":5,"minecraft:diamond_shovel":1,"minecraft:spruce_fence":96,"minecraft:cooked_mutton":4,"minecraft:flint_and_steel":1,"minecraft:hopper":10,"minecraft:glass":720,"minecraft:diamond_helmet":1,"minecraft:iron_axe":3,"minecraft:stone_pickaxe":3,"minecraft:chest":12,"minecraft:diamond_boots":1,"minecraft:dark_oak_planks":188,"minecraft:stone_hoe":12,"minecraft:wheat":90,"minecraft:cooked_beef":23,"minecraft:cooked_cod":2,"minecraft:diamond_sword":1,"minecraft:emerald":348,"minecraft:cooked_porkchop":4,"minecraft:dark_oak_stairs":40,"minecraft:crafting_table":1,"minecraft:spruce_planks":6208,"minecraft:iron_helmet":1,"minecraft:iron_sword":9,"minecraft:fletching_table":2,"minecraft:bucket":4,"minecraft:stone_axe":11,"minecraft:bread":48,"minecraft:air":0,"minecraft:dark_oak_slab":96,"minecraft:iron_chestplate":1,"minecraft:diamond_pickaxe":1,"minecraft:shield":2,"minecraft:stick":10756,"minecraft:stone_slab":6,"minecraft:flint":180,"minecraft:iron_ingot":218,"minecraft:iron_pickaxe":2,"minecraft:gold_ingot":10,"minecraft:white_bed":13,"minecraft:acacia_planks":36,"minecraft:spruce_fence_gate":2,"minecraft:torch":160,"minecraft:clay":135,"minecraft:diamond_chestplate":1},"minecraft:mined":{"minecraft:dark_oak_planks":2,"minecraft:tuff":3,"minecraft:spruce_planks":2,"minecraft:white_bed":26,"minecraft:farmland":2,"minecraft:deepslate_diamond_ore":10,"minecraft:dark_oak_log":41,"minecraft:nether_bricks":58,"minecraft:granite":4,"minecraft:budding_amethyst":1,"minecraft:acacia_log":9,"minecraft:grass_block":67,"minecraft:spruce_fence":2,"minecraft:polished_diorite":5,"minecraft:spruce_leaves":8,"minecraft:spawner":3,"minecraft:hay_block":10,"minecraft:redstone_ore":5,"minecraft:oak_trapdoor":3,"minecraft:furnace":6,"minecraft:carrots":9,"minecraft:fire":2,"minecraft:iron_ore":98,"minecraft:cobbled_deepslate":12,"minecraft:andesite":6,"minecraft:deepslate_lapis_ore":3,"minecraft:fletching_table":8,"minecraft:gold_block":1,"minecraft:dark_oak_stairs":7,"minecraft:pointed_dripstone":40,"minecraft:potatoes":4,"minecraft:deepslate_iron_ore":91,"minecraft:dirt_path":3,"minecraft:rail":258,"minecraft:stone":143,"minecraft:podzol":23,"minecraft:deepslate_redstone_ore":37,"minecraft:soul_sand":7,"minecraft:soul_fire":3,"minecraft:clay":153,"minecraft:crafting_table":11,"minecraft:torch":15,"minecraft:calcite":6,"minecraft:tall_grass":14,"minecraft:oak_planks":2,"minecraft:deepslate_gold_ore":24,"minecraft:sugar_cane":61,"minecraft:diorite":10,"minecraft:wall_torch":15,"minecraft:amethyst_block":22,"minecraft:seagrass":2,"minecraft:spruce_stairs":2,"minecraft:dark_oak_slab":33,"minecraft:wheat":12,"minecraft:spruce_log":2267,"minecraft:grass":89,"minecraft:oak_log":9,"minecraft:coal_ore":269,"minecraft:dripstone_block":8,"minecraft:gravel":367,"minecraft:sand":913,"minecraft:dirt":56,"minecraft:cobweb":30,"minecraft:smooth_basalt":3,"minecraft:acacia_planks":1,"minecraft:netherrack":89,"minecraft:deepslate":126},"minecraft:broken":{"minecraft:iron_shovel":1,"minecraft:stone_hoe":4,"minecraft:stone_pickaxe":3,"minecraft:iron_axe":3,"minecraft:stone_axe":5,"minecraft:iron_pickaxe":1,"minecraft:stone_shovel":8},"minecraft:custom":{"minecraft:mob_kills":54,"minecraft:animals_bred":7,"minecraft:interact_with_crafting_table":50,"minecraft:leave_game":5,"minecraft:time_since_death":477889,"minecraft:climb_one_cm":2161,"minecraft:sprint_one_cm":494849,"minecraft:damage_blocked_by_shield":2295,"minecraft:walk_one_cm":1547638,"minecraft:drop":59,"minecraft:talked_to_villager":133,"minecraft:play_time":477889,"minecraft:sneak_time":45848,"minecraft:walk_under_water_one_cm":36740,"minecraft:jump":8581,"minecraft:interact_with_blast_furnace":15,"minecraft:walk_on_water_one_cm":48612,"minecraft:total_world_time":477889,"minecraft:interact_with_furnace":130,"minecraft:traded_with_villager":407,"minecraft:sleep_in_bed":24,"minecraft:time_since_rest":3962,"minecraft:damage_taken":4191,"minecraft:damage_dealt":7460,"minecraft:swim_one_cm":140571,"minecraft:fly_one_cm":1452074,"minecraft:open_chest":133,"minecraft:crouch_one_cm":108810,"minecraft:fall_one_cm":226403,"minecraft:horse_one_cm":4473},"minecraft:killed":{"minecraft:cave_spider":2,"minecraft:spider":4,"minecraft:cod":2,"minecraft:slime":3,"minecraft:skeleton":6,"minecraft:chicken":2,"minecraft:pig":2,"minecraft:zombie_villager":1,"minecraft:sheep":5,"minecraft:zombie":13,"minecraft:cow":10},"minecraft:dropped":{"minecraft:bread":6,"minecraft:clay":7,"minecraft:iron_sword":2,"minecraft:wheat_seeds":74,"minecraft:crafting_table":1,"minecraft:dripstone_block":2,"minecraft:feather":4,"minecraft:iron_helmet":1,"minecraft:glow_berries":1,"minecraft:amethyst_block":22,"minecraft:tropical_fish":1,"minecraft:spruce_stairs":2,"minecraft:coal":1,"minecraft:stick":4,"minecraft:dirt":12,"minecraft:bone_meal":1,"minecraft:iron_pickaxe":1,"minecraft:dark_oak_planks":1,"minecraft:bucket":1,"minecraft:acacia_planks":1,"minecraft:bone":1,"minecraft:gravel":1,"minecraft:polished_diorite":20,"minecraft:stone_axe":10,"minecraft:stone_shovel":2,"minecraft:rotten_flesh":6,"minecraft:oak_planks":5,"minecraft:carrot":4,"minecraft:shield":1,"minecraft:spruce_planks":2,"minecraft:iron_chestplate":1,"minecraft:andesite":4,"minecraft:hopper":10,"minecraft:spider_eye":2,"minecraft:beef":11,"minecraft:arrow":8},"minecraft:used":{"minecraft:oak_fence":1,"minecraft:oak_trapdoor":13,"minecraft:flint_and_steel":1,"minecraft:iron_shovel":248,"minecraft:tropical_fish":1,"minecraft:stone_shovel":1068,"minecraft:chest":2,"minecraft:spruce_planks":2,"minecraft:shield":74,"minecraft:stone":2,"minecraft:iron_sword":79,"minecraft:netherrack":52,"minecraft:cooked_chicken":2,"minecraft:stone_hoe":617,"minecraft:torch":178,"minecraft:dirt":52,"minecraft:carrot":29,"minecraft:tuff":3,"minecraft:granite":1,"minecraft:spruce_fence":53,"minecraft:obsidian":14,"minecraft:dark_oak_planks":14,"minecraft:iron_axe":723,"minecraft:dark_oak_slab":68,"minecraft:furnace":9,"minecraft:cooked_cod":2,"minecraft:cooked_beef":23,"minecraft:potato":7,"minecraft:cobbled_deepslate":112,"minecraft:cooked_mutton":7,"minecraft:water_bucket":27,"minecraft:dark_oak_stairs":18,"minecraft:diorite":3,"minecraft:stone_pickaxe":393,"minecraft:oak_planks":1,"minecraft:sugar_cane":32,"minecraft:cobblestone_slab":6,"minecraft:diamond_axe":1060,"minecraft:spruce_fence_gate":2,"minecraft:fletching_table":10,"minecraft:glow_berries":3,"minecraft:sand":2,"minecraft:crafting_table":10,"minecraft:blast_furnace":1,"minecraft:white_bed":41,"minecraft:dripstone_block":4,"minecraft:spruce_log":3,"minecraft:oak_log":8,"minecraft:diamond_pickaxe":711,"minecraft:diamond_shovel":424,"minecraft:bread":42,"minecraft:iron_pickaxe":259,"minecraft:stone_slab":5,"minecraft:spruce_sapling":168,"minecraft:stone_axe":701,"minecraft:cobblestone":11,"minecraft:grindstone":1,"minecraft:cooked_porkchop":4,"minecraft:andesite":2,"minecraft:bucket":33},"minecraft:picked_up":{"minecraft:crafting_table":10,"minecraft:wheat":12,"minecraft:chest_minecart":1,"minecraft:chicken":2,"minecraft:clay_ball":540,"minecraft:lead":2,"minecraft:gold_block":1,"minecraft:amethyst_block":22,"minecraft:string":34,"minecraft:oak_trapdoor":17,"minecraft:raw_copper":6,"minecraft:iron_shovel":1,"minecraft:cobbled_deepslate":171,"minecraft:spruce_planks":190,"minecraft:beef":29,"minecraft:calcite":6,"minecraft:sugar_cane":57,"minecraft:furnace":6,"minecraft:stick":148,"minecraft:raw_iron":225,"minecraft:oak_fence":1,"minecraft:torch":39,"minecraft:acacia_log":9,"minecraft:spruce_stairs":2,"minecraft:spruce_fence":2,"minecraft:porkchop":4,"minecraft:pointed_dripstone":62,"minecraft:diorite":6,"minecraft:carrot":33,"minecraft:redstone":189,"minecraft:dark_oak_planks":2,"minecraft:rotten_flesh":18,"minecraft:arrow":13,"minecraft:stone_shovel":1,"minecraft:tropical_fish":2,"minecraft:nether_bricks":52,"minecraft:shears":1,"minecraft:hay_block":10,"minecraft:glow_berries":4,"minecraft:mutton":8,"minecraft:rail":254,"minecraft:cod":2,"minecraft:white_wool":54,"minecraft:cobblestone":141,"minecraft:feather":4,"minecraft:andesite":6,"minecraft:leather":14,"minecraft:potato":8,"minecraft:flint":30,"minecraft:tuff":3,"minecraft:oak_log":9,"minecraft:lapis_lazuli":19,"minecraft:dirt":177,"minecraft:cooked_mutton":3,"minecraft:bone":4,"minecraft:acacia_planks":1,"minecraft:bow":1,"minecraft:wheat_seeds":78,"minecraft:raw_gold":24,"minecraft:fletching_table":8,"minecraft:soul_sand":6,"minecraft:oak_planks":3,"minecraft:dark_oak_stairs":6,"minecraft:acacia_sapling":1,"minecraft:smooth_basalt":3,"minecraft:dark_oak_slab":47,"minecraft:dripstone_block":10,"minecraft:gravel":341,"minecraft:sand":911,"minecraft:spruce_sapling":180,"minecraft:blast_furnace":1,"minecraft:white_bed":28,"minecraft:spruce_log":2366,"minecraft:dark_oak_log":47,"minecraft:spider_eye":3,"minecraft:clay":7,"minecraft:polished_diorite":20,"minecraft:diamond":10,"minecraft:stone_axe":9,"minecraft:granite":1,"minecraft:bone_meal":1,"minecraft:gray_wool":1,"minecraft:emerald":7,"minecraft:netherrack":66,"minecraft:coal":278}},"DataVersion":3465}