{"stats":{"minecraft:picked_up":{"minecraft:stick":2,"minecraft:iron_chestplate":2,"minecraft:dandelion":2,"minecraft:wooden_pickaxe":1,"minecraft:oak_log":19,"minecraft:dirt":1,"minecraft:apple":1,"minecraft:wheat_seeds":10,"minecraft:hay_block":22,"minecraft:oak_sapling":1,"minecraft:chest":1,"minecraft:coal":25,"minecraft:oak_planks":2,"minecraft:cobblestone":24},"minecraft:used":{"minecraft:apple":4,"minecraft:bread":2,"minecraft:stone_pickaxe":6,"minecraft:oak_planks":2,"minecraft:chest":5,"minecraft:wooden_pickaxe":41,"minecraft:iron_chestplate":1,"minecraft:dirt":1,"minecraft:crafting_table":1},"minecraft:dropped":{"minecraft:hay_block":1,"minecraft:iron_chestplate":2,"minecraft:apple":1,"minecraft:stone_pickaxe":2,"minecraft:wooden_pickaxe":1,"minecraft:dandelion":1},"minecraft:crafted":{"minecraft:oak_planks":76,"minecraft:crafting_table":1,"minecraft:stick":8,"minecraft:wooden_pickaxe":1,"minecraft:stone_pickaxe":4,"minecraft:chest":4,"minecraft:bread":63,"minecraft:wheat":189},"minecraft:custom":{"minecraft:time_since_rest":11931,"minecraft:sprint_one_cm":51641,"minecraft:damage_taken":110,"minecraft:walk_one_cm":61143,"minecraft:drop":8,"minecraft:damage_dealt":10,"minecraft:interact_with_crafting_table":20,"minecraft:fly_one_cm":64621,"minecraft:open_chest":11,"minecraft:crouch_one_cm":4049,"minecraft:play_time":61507,"minecraft:sneak_time":1632,"minecraft:jump":368,"minecraft:leave_game":12,"minecraft:time_since_death":61507,"minecraft:sleep_in_bed":2,"minecraft:total_world_time":61507,"minecraft:fall_one_cm":13521},"minecraft:mined":{"minecraft:hay_block":22,"minecraft:dandelion":1,"minecraft:grass":68,"minecraft:coal_ore":25,"minecraft:grass_block":1,"minecraft:oak_log":19,"minecraft:chest":1,"minecraft:tall_grass":5,"minecraft:stone":22,"minecraft:oak_planks":2,"minecraft:oak_leaves":3}},"DataVersion":3465}