{"stats":{"minecraft:picked_up":{"minecraft:iron_chestplate":2,"minecraft:crafting_table":1,"minecraft:azure_bluet":1,"minecraft:wooden_pickaxe":1,"minecraft:oak_log":27,"minecraft:dirt":127,"minecraft:apple":1,"minecraft:wheat_seeds":22,"minecraft:stone_pickaxe":1,"minecraft:chest":1,"minecraft:oak_planks":2,"minecraft:stick":2,"minecraft:raw_iron":31,"minecraft:composter":1,"minecraft:dandelion":3,"minecraft:diorite":313,"minecraft:polished_diorite":11,"minecraft:hay_block":22,"minecraft:golden_apple":1,"minecraft:saddle":1,"minecraft:gold_ingot":4,"minecraft:bread":32,"minecraft:oak_sapling":2,"minecraft:glow_berries":3,"minecraft:coal":96,"minecraft:cobblestone":208,"minecraft:rail":61},"minecraft:used":{"minecraft:water_bucket":7,"minecraft:diorite":2,"minecraft:stone_shovel":121,"minecraft:stone_pickaxe":466,"minecraft:oak_planks":2,"minecraft:chest":5,"minecraft:wooden_pickaxe":41,"minecraft:iron_chestplate":1,"minecraft:glow_berries":3,"minecraft:dirt":83,"minecraft:crafting_table":3,"minecraft:polished_diorite":58,"minecraft:apple":4,"minecraft:bread":6,"minecraft:stone_axe":7,"minecraft:cobblestone":15,"minecraft:furnace":1,"minecraft:bucket":8},"minecraft:broken":{"minecraft:stone_pickaxe":3},"minecraft:dropped":{"minecraft:apple":1,"minecraft:hay_block":1,"minecraft:iron_chestplate":2,"minecraft:stone_pickaxe":2,"minecraft:wooden_pickaxe":1,"minecraft:dandelion":1},"minecraft:killed_by":{"minecraft:creeper":1},"minecraft:crafted":{"minecraft:oak_planks":96,"minecraft:stone_shovel":4,"minecraft:crafting_table":2,"minecraft:wooden_pickaxe":1,"minecraft:furnace":1,"minecraft:bucket":1,"minecraft:stone_axe":1,"minecraft:bread":63,"minecraft:air":0,"minecraft:polished_diorite":248,"minecraft:stick":40,"minecraft:iron_ingot":31,"minecraft:stone_pickaxe":8,"minecraft:stone_sword":14,"minecraft:chest":4,"minecraft:wheat":189},"minecraft:custom":{"minecraft:interact_with_furnace":3,"minecraft:interact_with_crafting_table":31,"minecraft:leave_game":14,"minecraft:time_since_death":55524,"minecraft:sleep_in_bed":4,"minecraft:climb_one_cm":140,"minecraft:time_since_rest":32988,"minecraft:sprint_one_cm":94633,"minecraft:damage_taken":614,"minecraft:walk_one_cm":110325,"minecraft:drop":8,"minecraft:damage_dealt":10,"minecraft:fly_one_cm":131655,"minecraft:open_chest":20,"minecraft:crouch_one_cm":66038,"minecraft:play_time":119150,"minecraft:deaths":1,"minecraft:sneak_time":16339,"minecraft:walk_under_water_one_cm":2524,"minecraft:jump":752,"minecraft:walk_on_water_one_cm":1160,"minecraft:total_world_time":119150,"minecraft:fall_one_cm":27357},"minecraft:mined":{"minecraft:dandelion":1,"minecraft:grass_block":43,"minecraft:chest":1,"minecraft:tall_grass":5,"minecraft:polished_diorite":11,"minecraft:composter":1,"minecraft:oak_planks":2,"minecraft:diorite":319,"minecraft:hay_block":22,"minecraft:grass":71,"minecraft:oak_log":27,"minecraft:coal_ore":35,"minecraft:dirt":85,"minecraft:stone":142,"minecraft:oak_leaves":6}},"DataVersion":3465}