{"stats":{"minecraft:picked_up":{"minecraft:crafting_table":1,"minecraft:iron_chestplate":2,"minecraft:stick":2,"minecraft:raw_iron":31,"minecraft:wooden_pickaxe":1,"minecraft:dandelion":3,"minecraft:oak_log":27,"minecraft:diorite":146,"minecraft:dirt":126,"minecraft:apple":1,"minecraft:wheat_seeds":22,"minecraft:hay_block":22,"minecraft:stone_pickaxe":1,"minecraft:golden_apple":1,"minecraft:bread":32,"minecraft:saddle":1,"minecraft:gold_ingot":4,"minecraft:oak_sapling":2,"minecraft:glow_berries":3,"minecraft:chest":1,"minecraft:oak_planks":2,"minecraft:coal":96,"minecraft:rail":61,"minecraft:cobblestone":208},"minecraft:used":{"minecraft:apple":4,"minecraft:stone_shovel":121,"minecraft:bread":2,"minecraft:stone_pickaxe":284,"minecraft:oak_planks":2,"minecraft:chest":5,"minecraft:wooden_pickaxe":41,"minecraft:stone_axe":6,"minecraft:iron_chestplate":1,"minecraft:glow_berries":3,"minecraft:dirt":1,"minecraft:crafting_table":1,"minecraft:furnace":1},"minecraft:broken":{"minecraft:stone_pickaxe":2},"minecraft:dropped":{"minecraft:hay_block":1,"minecraft:iron_chestplate":2,"minecraft:apple":1,"minecraft:wooden_pickaxe":1,"minecraft:stone_pickaxe":2,"minecraft:dandelion":1},"minecraft:killed_by":{"minecraft:creeper":1},"minecraft:crafted":{"minecraft:oak_planks":96,"minecraft:stone_shovel":4,"minecraft:crafting_table":1,"minecraft:stick":40,"minecraft:wooden_pickaxe":1,"minecraft:stone_pickaxe":6,"minecraft:stone_sword":14,"minecraft:chest":4,"minecraft:furnace":1,"minecraft:stone_axe":1,"minecraft:bread":63,"minecraft:wheat":189},"minecraft:custom":{"minecraft:time_since_rest":8599,"minecraft:interact_with_furnace":1,"minecraft:sprint_one_cm":74863,"minecraft:damage_taken":444,"minecraft:walk_one_cm":89282,"minecraft:drop":8,"minecraft:damage_dealt":10,"minecraft:interact_with_crafting_table":27,"minecraft:fly_one_cm":103322,"minecraft:open_chest":20,"minecraft:crouch_one_cm":35672,"minecraft:play_time":83150,"minecraft:deaths":1,"minecraft:sneak_time":9490,"minecraft:jump":579,"minecraft:leave_game":14,"minecraft:time_since_death":19524,"minecraft:sleep_in_bed":3,"minecraft:total_world_time":83150,"minecraft:fall_one_cm":20073},"minecraft:mined":{"minecraft:hay_block":22,"minecraft:dandelion":1,"minecraft:grass":71,"minecraft:grass_block":43,"minecraft:coal_ore":35,"minecraft:oak_log":27,"minecraft:chest":1,"minecraft:dirt":83,"minecraft:tall_grass":5,"minecraft:stone":142,"minecraft:diorite":148,"minecraft:oak_planks":2,"minecraft:oak_leaves":6}},"DataVersion":3465}