{"stats":{"minecraft:picked_up":{"minecraft:iron_chestplate":2,"minecraft:wheat_seeds":9,"minecraft:dandelion":2,"minecraft:oak_log":5,"minecraft:oak_planks":2,"minecraft:dirt":1},"minecraft:used":{"minecraft:iron_chestplate":1,"minecraft:apple":4,"minecraft:dirt":1,"minecraft:oak_planks":2},"minecraft:dropped":{"minecraft:iron_chestplate":2,"minecraft:dandelion":1},"minecraft:custom":{"minecraft:time_since_rest":0,"minecraft:open_chest":7,"minecraft:crouch_one_cm":2,"minecraft:sprint_one_cm":33165,"minecraft:play_time":49507,"minecraft:damage_taken":50,"minecraft:walk_one_cm":38311,"minecraft:sneak_time":9,"minecraft:drop":3,"minecraft:jump":217,"minecraft:leave_game":12,"minecraft:time_since_death":49507,"minecraft:sleep_in_bed":2,"minecraft:total_world_time":49507,"minecraft:fall_one_cm":9058,"minecraft:fly_one_cm":39022},"minecraft:mined":{"minecraft:grass":63,"minecraft:grass_block":1,"minecraft:oak_log":5,"minecraft:tall_grass":5,"minecraft:dandelion":1,"minecraft:oak_planks":2}},"DataVersion":3465}